employee_id,first_name,last_name,email,hire_date,department_id,job_id,salary
10001,Oscar,Gomez,oscar.gomez1@empresa.com,2023-06-12,2,103,4014.93
10002,Maria,Ramirez,maria.ramirez2@empresa.com,2022-01-31,5,102,7770.43
10003,Laura,Martinez,laura.martinez3@empresa.com,2019-03-01,1,103,3097.71
10004,Javier,Martinez,javier.martinez4@empresa.com,2023-05-23,1,101,4428.23
10005,Oscar,Garcia,oscar.garcia5@empresa.com,2022-09-09,3,106,6760.23
10006,Valentina,Ramirez,valentina.ramirez6@empresa.com,2024-08-31,4,104,4824.28
10007,Luis,Garcia,luis.garcia7@empresa.com,2020-02-17,3,104,5350.55
10008,Oscar,Ramirez,oscar.ramirez8@empresa.com,2023-11-16,4,101,6415.19
10009,Laura,Vargas,laura.vargas9@empresa.com,2023-01-01,2,102,11178.81
10010,Javier,Gomez,javier.gomez10@empresa.com,2018-07-27,2,104,5056.24
10011,Maria,Vargas,maria.vargas11@empresa.com,2022-03-18,5,105,2693.37
10012,Laura,Sanchez,laura.sanchez12@empresa.com,2022-07-18,4,104,4214.54
10013,Laura,Perez,laura.perez13@empresa.com,2025-03-18,5,105,2467.69
10014,Luis,Lopez,luis.lopez14@empresa.com,2024-01-23,1,101,6728.61
10015,Sofia,Ramirez,sofia.ramirez15@empresa.com,2018-01-22,4,101,7799.6
10016,Javier,Sanchez,javier.sanchez16@empresa.com,2018-06-03,3,104,3342.72
10017,Ana,Perez,ana.perez17@empresa.com,2023-05-17,1,103,3967.77
10018,Laura,Torres,laura.torres18@empresa.com,2018-08-07,1,105,4528.95
10019,Sofia,Gomez,sofia.gomez19@empresa.com,2019-10-31,3,102,9501.63
10020,Ana,Garcia,ana.garcia20@empresa.com,2022-02-27,1,104,3975.3
10021,Javier,Garcia,javier.garcia21@empresa.com,2024-03-27,4,102,8130.79
10022,Carlos,Vargas,carlos.vargas22@empresa.com,2023-08-30,5,104,3113.12
10023,Valentina,Martinez,valentina.martinez23@empresa.com,2025-02-13,1,103,2935.82
10024,Sofia,Perez,sofia.perez24@empresa.com,2020-08-07,4,103,2530.35
10025,Andres,Torres,andres.torres25@empresa.com,2024-01-05,2,103,3662.83
10026,Carlos,Sanchez,carlos.sanchez26@empresa.com,2019-02-07,4,106,5423.41
10027,Valentina,Gomez,valentina.gomez27@empresa.com,2019-08-19,5,103,4246.04
10028,Luis,Perez,luis.perez28@empresa.com,2024-08-11,4,101,6092.57
10029,Oscar,Torres,oscar.torres29@empresa.com,2021-12-08,3,101,6798.76
10030,Maria,Lopez,maria.lopez30@empresa.com,2025-10-20,5,106,6643.43
10031,Andres,Ramirez,andres.ramirez31@empresa.com,2021-03-03,2,105,4242.32
10032,Luis,Garcia,luis.garcia32@empresa.com,2022-10-09,3,102,11655.96
10033,Javier,Sanchez,javier.sanchez33@empresa.com,2021-07-30,4,104,3206.84
10034,Luis,Garcia,luis.garcia34@empresa.com,2018-03-14,5,104,3634.84
10035,Oscar,Sanchez,oscar.sanchez35@empresa.com,2019-04-26,2,106,8119.95
10036,Javier,Vargas,javier.vargas36@empresa.com,2019-07-14,3,101,4394.95
10037,Andres,Martinez,andres.martinez37@empresa.com,2020-01-15,2,104,3189.15
10038,Oscar,Sanchez,oscar.sanchez38@empresa.com,2022-01-06,4,101,5446.17
10039,Ana,Garcia,ana.garcia39@empresa.com,2018-04-10,2,105,2368.67
10040,Maria,Vargas,maria.vargas40@empresa.com,2020-12-18,1,102,9510.47
10041,Andres,Sanchez,andres.sanchez41@empresa.com,2024-12-30,3,105,2905.1
10042,Ana,Lopez,ana.lopez42@empresa.com,2024-04-24,2,106,8582.79
10043,Valentina,Martinez,valentina.martinez43@empresa.com,2019-02-17,4,103,4067.0
10044,Andres,Sanchez,andres.sanchez44@empresa.com,2020-12-24,4,103,3899.41
10045,Valentina,Vargas,valentina.vargas45@empresa.com,2025-03-27,2,103,3733.89
10046,Javier,Perez,javier.perez46@empresa.com,2021-03-23,4,105,5453.86
10047,Ana,Rodriguez,ana.rodriguez47@empresa.com,2023-07-02,5,104,3557.66
10048,Maria,Torres,maria.torres48@empresa.com,2024-05-02,5,102,11238.65
10049,Oscar,Rodriguez,oscar.rodriguez49@empresa.com,2020-03-31,5,103,4078.98
10050,Laura,Rodriguez,laura.rodriguez50@empresa.com,2019-10-24,1,106,7992.64
10051,Luis,Gomez,luis.gomez51@empresa.com,2019-07-14,2,106,7245.02
10052,Carlos,Lopez,carlos.lopez52@empresa.com,2021-06-25,1,103,2992.49
10053,Maria,Perez,maria.perez53@empresa.com,2022-12-19,4,103,3347.1
10054,Ana,Ramirez,ana.ramirez54@empresa.com,2025-12-25,1,102,10761.42
10055,Laura,Sanchez,laura.sanchez55@empresa.com,2019-09-02,4,103,2563.56
10056,Maria,Torres,maria.torres56@empresa.com,2024-09-27,4,102,10692.3
10057,Ana,Martinez,ana.martinez57@empresa.com,2018-01-25,3,106,5960.28
10058,Sofia,Perez,sofia.perez58@empresa.com,2023-07-22,5,103,2788.62
10059,Sofia,Garcia,sofia.garcia59@empresa.com,2018-10-11,4,105,2462.81
10060,Valentina,Ramirez,valentina.ramirez60@empresa.com,2022-01-12,3,105,2109.0
10061,Maria,Gomez,maria.gomez61@empresa.com,2018-10-28,5,106,7094.35
10062,Sofia,Gomez,sofia.gomez62@empresa.com,2020-12-27,4,102,7309.56
10063,Ana,Perez,ana.perez63@empresa.com,2020-10-27,4,105,5957.73
10064,Valentina,Vargas,valentina.vargas64@empresa.com,2020-03-27,1,102,9446.62
10065,Ana,Rodriguez,ana.rodriguez65@empresa.com,2018-03-24,1,105,2551.54
10066,Valentina,Garcia,valentina.garcia66@empresa.com,2023-04-05,5,105,4755.05
10067,Maria,Gomez,maria.gomez67@empresa.com,2023-09-25,4,102,11386.46
10068,Laura,Torres,laura.torres68@empresa.com,2019-09-10,2,104,4862.95
10069,Oscar,Gomez,oscar.gomez69@empresa.com,2024-04-28,1,105,2305.76
10070,Andres,Martinez,andres.martinez70@empresa.com,2018-06-25,5,103,4291.77
10071,Laura,Sanchez,laura.sanchez71@empresa.com,2021-04-04,4,106,8175.72
10072,Javier,Gomez,javier.gomez72@empresa.com,2025-05-28,4,104,3395.76
10073,Ana,Martinez,ana.martinez73@empresa.com,2020-04-21,2,102,6310.72
10074,Javier,Perez,javier.perez74@empresa.com,2019-01-05,5,104,4393.28
10075,Laura,Perez,laura.perez75@empresa.com,2022-12-24,4,101,4624.14
10076,Valentina,Ramirez,valentina.ramirez76@empresa.com,2023-10-03,1,101,7338.36
10077,Andres,Gomez,andres.gomez77@empresa.com,2019-11-21,2,105,3433.34
10078,Andres,Torres,andres.torres78@empresa.com,2022-11-15,5,105,5651.57
10079,Carlos,Gomez,carlos.gomez79@empresa.com,2021-09-26,2,103,3631.38
10080,Andres,Torres,andres.torres80@empresa.com,2021-12-03,1,106,5730.69
10081,Oscar,Lopez,oscar.lopez81@empresa.com,2019-01-02,5,104,3349.0
10082,Andres,Ramirez,andres.ramirez82@empresa.com,2019-10-06,2,101,6305.89
10083,Laura,Lopez,laura.lopez83@empresa.com,2024-08-23,3,105,5047.53
10084,Carlos,Gomez,carlos.gomez84@empresa.com,2018-03-14,1,106,8126.02
10085,Laura,Ramirez,laura.ramirez85@empresa.com,2021-06-25,1,104,3689.39
10086,Laura,Lopez,laura.lopez86@empresa.com,2020-05-09,1,105,2816.99
10087,Luis,Rodriguez,luis.rodriguez87@empresa.com,2018-02-12,3,105,2067.03
10088,Carlos,Gomez,carlos.gomez88@empresa.com,2024-08-21,3,101,6716.8
10089,Laura,Lopez,laura.lopez89@empresa.com,2020-11-30,4,101,4306.27
10090,Luis,Rodriguez,luis.rodriguez90@empresa.com,2024-01-27,2,105,3683.04
10091,Luis,Rodriguez,luis.rodriguez91@empresa.com,2024-03-09,4,102,9610.09
10092,Carlos,Perez,carlos.perez92@empresa.com,2022-02-25,2,105,5748.44
10093,Javier,Gomez,javier.gomez93@empresa.com,2023-09-18,3,106,6247.21
10094,Valentina,Rodriguez,valentina.rodriguez94@empresa.com,2019-01-04,3,105,2999.09
10095,Oscar,Perez,oscar.perez95@empresa.com,2025-09-05,4,103,3808.32
10096,Valentina,Lopez,valentina.lopez96@empresa.com,2018-05-31,5,103,3738.48
10097,Andres,Martinez,andres.martinez97@empresa.com,2021-02-08,4,103,3164.22
10098,Oscar,Gomez,oscar.gomez98@empresa.com,2022-02-12,2,102,11568.61
10099,Andres,Ramirez,andres.ramirez99@empresa.com,2021-12-30,4,102,11069.17
10100,Laura,Torres,laura.torres100@empresa.com,2020-12-06,1,105,2895.93
10101,Ana,Torres,ana.torres101@empresa.com,2020-10-20,2,103,2978.29
10102,Carlos,Lopez,carlos.lopez102@empresa.com,2022-05-18,2,102,9073.8
10103,Oscar,Vargas,oscar.vargas103@empresa.com,2025-08-16,5,101,7094.29
10104,Oscar,Vargas,oscar.vargas104@empresa.com,2023-08-03,3,105,2176.16
10105,Laura,Lopez,laura.lopez105@empresa.com,2021-10-21,2,106,7773.34
10106,Javier,Rodriguez,javier.rodriguez106@empresa.com,2018-03-10,3,104,4620.59
10107,Luis,Gomez,luis.gomez107@empresa.com,2024-06-04,4,105,2925.92
10108,Laura,Torres,laura.torres108@empresa.com,2020-08-01,1,104,4703.38
10109,Sofia,Torres,sofia.torres109@empresa.com,2020-03-12,5,103,4380.37
10110,Luis,Rodriguez,luis.rodriguez110@empresa.com,2024-06-01,3,104,3116.96
10111,Carlos,Torres,carlos.torres111@empresa.com,2024-02-29,2,103,3139.3
10112,Luis,Ramirez,luis.ramirez112@empresa.com,2018-03-02,3,101,5752.71
10113,Javier,Gomez,javier.gomez113@empresa.com,2020-08-03,2,104,5248.15
10114,Luis,Sanchez,luis.sanchez114@empresa.com,2021-08-30,3,105,5849.05
10115,Carlos,Torres,carlos.torres115@empresa.com,2021-03-30,2,103,3388.23
10116,Javier,Lopez,javier.lopez116@empresa.com,2018-11-27,4,105,5000.11
10117,Valentina,Ramirez,valentina.ramirez117@empresa.com,2022-04-01,2,102,9189.97
10118,Oscar,Torres,oscar.torres118@empresa.com,2018-12-04,2,103,3575.57
10119,Oscar,Ramirez,oscar.ramirez119@empresa.com,2022-06-18,1,104,3695.25
10120,Andres,Perez,andres.perez120@empresa.com,2021-08-20,2,103,2933.91
10121,Valentina,Sanchez,valentina.sanchez121@empresa.com,2022-03-07,1,105,3152.02
10122,Valentina,Garcia,valentina.garcia122@empresa.com,2022-08-01,5,101,6225.31
10123,Luis,Lopez,luis.lopez123@empresa.com,2021-09-23,1,103,2558.31
10124,Oscar,Lopez,oscar.lopez124@empresa.com,2022-04-23,4,104,5268.12
10125,Carlos,Gomez,carlos.gomez125@empresa.com,2025-05-10,1,102,6937.7
10126,Maria,Ramirez,maria.ramirez126@empresa.com,2018-10-02,5,106,5880.35
10127,Maria,Rodriguez,maria.rodriguez127@empresa.com,2021-04-02,4,101,6073.1
10128,Javier,Lopez,javier.lopez128@empresa.com,2024-06-24,3,102,10260.69
10129,Oscar,Ramirez,oscar.ramirez129@empresa.com,2025-03-21,3,103,2691.46
10130,Oscar,Ramirez,oscar.ramirez130@empresa.com,2024-12-26,1,105,3270.78
10131,Maria,Martinez,maria.martinez131@empresa.com,2024-08-31,1,105,5874.7
10132,Oscar,Martinez,oscar.martinez132@empresa.com,2023-06-17,5,104,3655.86
10133,Luis,Garcia,luis.garcia133@empresa.com,2020-05-19,5,105,3252.2
10134,Sofia,Perez,sofia.perez134@empresa.com,2025-11-20,2,101,7345.99
10135,Ana,Garcia,ana.garcia135@empresa.com,2020-10-11,5,105,2200.86
10136,Valentina,Torres,valentina.torres136@empresa.com,2023-03-27,2,104,4161.53
10137,Andres,Rodriguez,andres.rodriguez137@empresa.com,2019-08-26,4,106,6518.47
10138,Javier,Torres,javier.torres138@empresa.com,2022-12-05,1,103,3133.17
10139,Sofia,Vargas,sofia.vargas139@empresa.com,2019-11-22,4,103,3071.4
10140,Maria,Torres,maria.torres140@empresa.com,2019-05-09,5,105,2365.5
10141,Valentina,Gomez,valentina.gomez141@empresa.com,2019-05-05,4,102,7888.95
10142,Oscar,Torres,oscar.torres142@empresa.com,2025-07-31,4,103,2586.1
10143,Andres,Garcia,andres.garcia143@empresa.com,2024-12-31,4,106,8123.86
10144,Oscar,Lopez,oscar.lopez144@empresa.com,2019-01-25,5,105,3592.91
10145,Carlos,Lopez,carlos.lopez145@empresa.com,2018-10-22,4,104,4109.76
10146,Carlos,Martinez,carlos.martinez146@empresa.com,2021-10-24,2,106,8574.38
10147,Andres,Rodriguez,andres.rodriguez147@empresa.com,2025-10-14,5,105,4632.22
10148,Andres,Rodriguez,andres.rodriguez148@empresa.com,2025-12-22,4,106,5032.24
10149,Maria,Gomez,maria.gomez149@empresa.com,2022-09-14,5,103,4386.35
10150,Andres,Garcia,andres.garcia150@empresa.com,2025-02-09,3,104,3592.86
10151,Luis,Martinez,luis.martinez151@empresa.com,2019-10-11,2,105,2430.46
10152,Oscar,Vargas,oscar.vargas152@empresa.com,2023-02-17,4,101,7072.51
10153,Sofia,Rodriguez,sofia.rodriguez153@empresa.com,2019-07-22,3,104,4251.19
10154,Laura,Lopez,laura.lopez154@empresa.com,2025-12-10,3,101,5735.08
10155,Andres,Torres,andres.torres155@empresa.com,2025-09-18,5,106,5998.01
10156,Javier,Torres,javier.torres156@empresa.com,2019-03-21,3,102,9284.83
10157,Carlos,Martinez,carlos.martinez157@empresa.com,2018-12-29,2,104,3685.96
10158,Luis,Garcia,luis.garcia158@empresa.com,2023-12-11,2,106,8606.33
10159,Valentina,Garcia,valentina.garcia159@empresa.com,2021-04-26,1,101,4860.82
10160,Laura,Perez,laura.perez160@empresa.com,2020-01-12,2,103,4268.71
10161,Sofia,Sanchez,sofia.sanchez161@empresa.com,2023-08-04,3,103,3618.81
10162,Laura,Rodriguez,laura.rodriguez162@empresa.com,2019-11-11,2,102,10970.93
10163,Andres,Garcia,andres.garcia163@empresa.com,2024-10-03,5,104,4782.11
10164,Maria,Lopez,maria.lopez164@empresa.com,2022-07-01,1,104,4741.74
10165,Carlos,Martinez,carlos.martinez165@empresa.com,2022-04-22,3,104,3810.86
10166,Carlos,Vargas,carlos.vargas166@empresa.com,2021-09-20,1,106,5935.59
10167,Valentina,Perez,valentina.perez167@empresa.com,2023-11-10,3,102,7265.32
10168,Maria,Ramirez,maria.ramirez168@empresa.com,2018-03-04,5,104,5142.98
10169,Oscar,Gomez,oscar.gomez169@empresa.com,2025-01-03,1,106,8281.71
10170,Ana,Vargas,ana.vargas170@empresa.com,2021-03-08,4,103,3381.15
10171,Luis,Ramirez,luis.ramirez171@empresa.com,2021-05-13,3,101,4529.62
10172,Carlos,Torres,carlos.torres172@empresa.com,2025-09-20,4,106,6529.01
10173,Javier,Gomez,javier.gomez173@empresa.com,2018-09-13,1,103,3738.69
10174,Carlos,Rodriguez,carlos.rodriguez174@empresa.com,2018-05-15,4,103,3408.81
10175,Laura,Lopez,laura.lopez175@empresa.com,2020-05-24,4,101,7120.76
10176,Carlos,Gomez,carlos.gomez176@empresa.com,2020-04-01,1,103,4495.25
10177,Carlos,Sanchez,carlos.sanchez177@empresa.com,2023-11-06,5,102,7146.79
10178,Ana,Ramirez,ana.ramirez178@empresa.com,2020-04-02,4,101,5838.6
10179,Ana,Rodriguez,ana.rodriguez179@empresa.com,2020-08-31,4,103,3361.97
10180,Sofia,Sanchez,sofia.sanchez180@empresa.com,2022-11-13,5,105,3217.97
10181,Oscar,Torres,oscar.torres181@empresa.com,2018-05-01,4,106,5792.38
10182,Javier,Sanchez,javier.sanchez182@empresa.com,2022-06-26,4,103,2631.38
10183,Carlos,Perez,carlos.perez183@empresa.com,2021-09-26,4,102,11322.72
10184,Carlos,Perez,carlos.perez184@empresa.com,2020-10-04,2,104,4049.62
10185,Luis,Martinez,luis.martinez185@empresa.com,2020-07-13,5,103,3493.79
10186,Ana,Vargas,ana.vargas186@empresa.com,2019-10-07,4,104,5292.36
10187,Javier,Vargas,javier.vargas187@empresa.com,2023-07-26,5,105,5105.16
10188,Valentina,Rodriguez,valentina.rodriguez188@empresa.com,2025-07-24,3,103,2761.0
10189,Sofia,Torres,sofia.torres189@empresa.com,2025-12-17,3,101,6261.68
10190,Oscar,Garcia,oscar.garcia190@empresa.com,2023-08-31,4,104,4105.63
10191,Maria,Perez,maria.perez191@empresa.com,2018-08-30,5,105,5188.84
10192,Oscar,Rodriguez,oscar.rodriguez192@empresa.com,2024-11-07,5,101,6896.93
10193,Laura,Garcia,laura.garcia193@empresa.com,2025-04-22,5,101,6761.62
10194,Carlos,Vargas,carlos.vargas194@empresa.com,2024-06-08,2,101,5362.18
10195,Sofia,Martinez,sofia.martinez195@empresa.com,2022-06-08,3,101,7219.85
10196,Laura,Sanchez,laura.sanchez196@empresa.com,2020-03-13,5,103,2604.78
10197,Javier,Perez,javier.perez197@empresa.com,2020-08-21,5,106,5638.5
10198,Maria,Rodriguez,maria.rodriguez198@empresa.com,2018-03-10,2,103,3171.25
10199,Ana,Gomez,ana.gomez199@empresa.com,2021-02-26,2,103,2653.61
10200,Sofia,Garcia,sofia.garcia200@empresa.com,2018-07-15,5,105,2939.98
10201,Sofia,Sanchez,sofia.sanchez201@empresa.com,2023-12-28,1,105,5320.6
10202,Carlos,Perez,carlos.perez202@empresa.com,2024-05-19,5,106,8793.01
10203,Andres,Vargas,andres.vargas203@empresa.com,2024-06-17,5,105,3218.41
10204,Sofia,Torres,sofia.torres204@empresa.com,2020-01-16,2,102,7587.09
10205,Luis,Garcia,luis.garcia205@empresa.com,2022-08-16,2,106,6119.57
10206,Maria,Vargas,maria.vargas206@empresa.com,2018-10-04,5,105,3110.88
10207,Maria,Perez,maria.perez207@empresa.com,2018-03-02,5,106,5143.72
10208,Luis,Garcia,luis.garcia208@empresa.com,2023-03-29,5,103,4353.83
10209,Valentina,Sanchez,valentina.sanchez209@empresa.com,2023-10-01,2,103,2927.4
10210,Luis,Perez,luis.perez210@empresa.com,2024-01-10,5,106,6680.02
10211,Luis,Ramirez,luis.ramirez211@empresa.com,2022-11-08,5,102,6058.12
10212,Maria,Rodriguez,maria.rodriguez212@empresa.com,2021-08-27,4,102,11147.73
10213,Oscar,Sanchez,oscar.sanchez213@empresa.com,2023-01-12,1,106,7924.63
10214,Maria,Garcia,maria.garcia214@empresa.com,2025-02-04,3,105,5787.02
10215,Andres,Torres,andres.torres215@empresa.com,2019-07-21,1,104,4954.04
10216,Carlos,Vargas,carlos.vargas216@empresa.com,2022-04-21,4,102,7882.24
10217,Laura,Gomez,laura.gomez217@empresa.com,2019-09-14,3,101,4991.49
10218,Oscar,Vargas,oscar.vargas218@empresa.com,2023-07-19,5,103,3895.43
10219,Ana,Garcia,ana.garcia219@empresa.com,2021-04-15,4,106,6456.45
10220,Laura,Vargas,laura.vargas220@empresa.com,2018-11-10,5,101,6264.86
10221,Carlos,Rodriguez,carlos.rodriguez221@empresa.com,2025-10-25,2,106,5025.03
10222,Andres,Perez,andres.perez222@empresa.com,2025-12-05,4,103,2623.77
10223,Andres,Gomez,andres.gomez223@empresa.com,2023-11-15,2,103,3570.74
10224,Ana,Lopez,ana.lopez224@empresa.com,2021-05-21,4,102,9396.43
10225,Oscar,Garcia,oscar.garcia225@empresa.com,2025-11-16,4,102,10508.72
10226,Valentina,Martinez,valentina.martinez226@empresa.com,2018-05-17,2,101,4527.86
10227,Luis,Lopez,luis.lopez227@empresa.com,2020-10-26,3,106,7052.73
10228,Oscar,Vargas,oscar.vargas228@empresa.com,2023-11-27,1,103,2888.9
10229,Valentina,Garcia,valentina.garcia229@empresa.com,2025-02-07,5,101,4372.78
10230,Andres,Ramirez,andres.ramirez230@empresa.com,2019-10-24,4,104,4026.24
10231,Maria,Martinez,maria.martinez231@empresa.com,2024-10-08,5,101,4653.35
10232,Carlos,Gomez,carlos.gomez232@empresa.com,2025-05-01,2,105,2887.13
10233,Ana,Torres,ana.torres233@empresa.com,2024-04-27,5,101,5270.22
10234,Carlos,Ramirez,carlos.ramirez234@empresa.com,2018-03-28,2,105,3037.55
10235,Javier,Lopez,javier.lopez235@empresa.com,2024-11-17,5,105,2350.37
10236,Javier,Perez,javier.perez236@empresa.com,2023-10-25,1,105,2359.66
10237,Oscar,Rodriguez,oscar.rodriguez237@empresa.com,2024-11-23,1,104,3483.12
10238,Andres,Torres,andres.torres238@empresa.com,2024-09-27,1,101,4202.24
10239,Andres,Ramirez,andres.ramirez239@empresa.com,2025-11-12,1,101,6505.83
10240,Luis,Perez,luis.perez240@empresa.com,2025-08-05,1,104,3718.32
10241,Luis,Perez,luis.perez241@empresa.com,2024-11-09,1,103,3059.49
10242,Luis,Garcia,luis.garcia242@empresa.com,2021-08-01,2,102,7991.99
10243,Maria,Ramirez,maria.ramirez243@empresa.com,2022-08-28,4,101,6651.19
10244,Laura,Gomez,laura.gomez244@empresa.com,2025-05-24,5,102,11223.8
10245,Sofia,Vargas,sofia.vargas245@empresa.com,2025-06-12,1,106,8036.35
10246,Laura,Martinez,laura.martinez246@empresa.com,2019-05-10,2,106,7910.12
10247,Carlos,Martinez,carlos.martinez247@empresa.com,2022-07-06,2,104,4210.98
10248,Laura,Lopez,laura.lopez248@empresa.com,2023-04-27,2,106,7775.22
10249,Maria,Lopez,maria.lopez249@empresa.com,2020-12-04,4,106,7211.05
10250,Carlos,Martinez,carlos.martinez250@empresa.com,2021-11-25,5,103,2932.5
10251,Laura,Gomez,laura.gomez251@empresa.com,2019-08-20,4,103,2917.18
10252,Maria,Rodriguez,maria.rodriguez252@empresa.com,2019-03-26,3,103,3092.78
10253,Sofia,Sanchez,sofia.sanchez253@empresa.com,2019-04-30,2,106,8643.21
10254,Laura,Vargas,laura.vargas254@empresa.com,2019-10-08,3,104,4368.54
10255,Maria,Rodriguez,maria.rodriguez255@empresa.com,2025-04-21,1,105,4935.62
10256,Luis,Garcia,luis.garcia256@empresa.com,2022-06-18,1,105,3386.24
10257,Andres,Sanchez,andres.sanchez257@empresa.com,2019-10-24,4,102,8446.29
10258,Luis,Sanchez,luis.sanchez258@empresa.com,2020-01-28,5,105,2502.26
10259,Andres,Ramirez,andres.ramirez259@empresa.com,2018-10-16,3,105,2685.18
10260,Ana,Gomez,ana.gomez260@empresa.com,2019-12-22,5,103,4154.71
10261,Ana,Gomez,ana.gomez261@empresa.com,2019-09-30,4,103,3669.68
10262,Ana,Sanchez,ana.sanchez262@empresa.com,2024-04-01,1,106,6350.13
10263,Sofia,Ramirez,sofia.ramirez263@empresa.com,2024-09-29,5,102,10817.11
10264,Luis,Vargas,luis.vargas264@empresa.com,2019-05-14,5,101,4986.08
10265,Andres,Sanchez,andres.sanchez265@empresa.com,2019-09-26,1,102,11856.2
10266,Maria,Torres,maria.torres266@empresa.com,2022-08-01,3,102,8068.91
10267,Carlos,Lopez,carlos.lopez267@empresa.com,2023-07-24,1,104,3843.28
10268,Maria,Lopez,maria.lopez268@empresa.com,2018-04-25,5,106,6247.65
10269,Carlos,Rodriguez,carlos.rodriguez269@empresa.com,2019-11-05,3,104,3305.28
10270,Javier,Garcia,javier.garcia270@empresa.com,2022-10-03,3,102,6666.82
10271,Maria,Lopez,maria.lopez271@empresa.com,2021-06-11,1,102,9888.63
10272,Laura,Perez,laura.perez272@empresa.com,2024-03-03,5,102,11250.71
10273,Laura,Rodriguez,laura.rodriguez273@empresa.com,2024-04-13,4,105,5162.08
10274,Oscar,Lopez,oscar.lopez274@empresa.com,2025-09-06,5,104,3352.77
10275,Luis,Garcia,luis.garcia275@empresa.com,2018-05-27,2,102,9273.49
10276,Carlos,Gomez,carlos.gomez276@empresa.com,2023-12-06,4,103,2711.18
10277,Carlos,Gomez,carlos.gomez277@empresa.com,2019-02-16,3,106,5181.18
10278,Luis,Vargas,luis.vargas278@empresa.com,2022-08-15,4,106,7625.54
10279,Sofia,Sanchez,sofia.sanchez279@empresa.com,2024-08-07,3,103,3570.3
10280,Oscar,Torres,oscar.torres280@empresa.com,2022-03-13,3,106,5328.09
10281,Sofia,Gomez,sofia.gomez281@empresa.com,2018-05-17,4,105,2139.76
10282,Sofia,Ramirez,sofia.ramirez282@empresa.com,2018-01-19,3,105,5959.03
10283,Sofia,Lopez,sofia.lopez283@empresa.com,2024-02-21,3,101,4120.09
10284,Luis,Ramirez,luis.ramirez284@empresa.com,2024-07-05,2,101,5778.11
10285,Sofia,Garcia,sofia.garcia285@empresa.com,2023-05-14,5,101,6018.48
10286,Laura,Gomez,laura.gomez286@empresa.com,2024-02-01,5,106,5469.12
10287,Ana,Torres,ana.torres287@empresa.com,2020-09-28,2,105,2676.25
10288,Javier,Garcia,javier.garcia288@empresa.com,2019-03-25,4,105,3407.22
10289,Carlos,Perez,carlos.perez289@empresa.com,2023-05-03,1,105,5046.7
10290,Carlos,Perez,carlos.perez290@empresa.com,2020-08-03,1,103,3514.16
10291,Javier,Ramirez,javier.ramirez291@empresa.com,2021-10-09,1,105,4551.61
10292,Luis,Sanchez,luis.sanchez292@empresa.com,2022-03-03,2,103,4470.35
10293,Maria,Rodriguez,maria.rodriguez293@empresa.com,2018-05-21,2,101,7072.02
10294,Luis,Sanchez,luis.sanchez294@empresa.com,2025-09-06,3,101,5737.45
10295,Carlos,Vargas,carlos.vargas295@empresa.com,2023-04-05,1,106,6785.77
10296,Carlos,Sanchez,carlos.sanchez296@empresa.com,2018-04-03,4,101,6475.09
10297,Javier,Vargas,javier.vargas297@empresa.com,2018-08-27,4,106,7661.46
10298,Sofia,Vargas,sofia.vargas298@empresa.com,2018-07-24,1,102,9004.27
10299,Luis,Torres,luis.torres299@empresa.com,2025-02-20,1,102,9869.17
10300,Andres,Gomez,andres.gomez300@empresa.com,2021-12-27,1,104,3058.83
10301,Javier,Torres,javier.torres301@empresa.com,2018-09-02,2,106,6718.49
10302,Laura,Vargas,laura.vargas302@empresa.com,2020-04-11,2,104,3697.35
10303,Carlos,Garcia,carlos.garcia303@empresa.com,2018-10-22,2,104,3322.94
10304,Javier,Perez,javier.perez304@empresa.com,2025-05-11,5,102,6597.28
10305,Luis,Vargas,luis.vargas305@empresa.com,2020-05-05,4,106,7412.77
10306,Carlos,Torres,carlos.torres306@empresa.com,2023-08-27,4,102,9141.6
10307,Maria,Garcia,maria.garcia307@empresa.com,2018-03-12,3,104,3633.96
10308,Javier,Torres,javier.torres308@empresa.com,2021-07-16,2,106,6883.8
10309,Oscar,Sanchez,oscar.sanchez309@empresa.com,2021-09-10,5,104,4230.58
10310,Carlos,Lopez,carlos.lopez310@empresa.com,2018-11-01,5,105,2780.04
10311,Luis,Ramirez,luis.ramirez311@empresa.com,2020-10-27,4,106,7608.37
10312,Ana,Rodriguez,ana.rodriguez312@empresa.com,2021-08-30,2,106,8123.68
10313,Andres,Torres,andres.torres313@empresa.com,2020-03-27,3,104,4978.66
10314,Valentina,Rodriguez,valentina.rodriguez314@empresa.com,2021-01-31,2,105,4409.88
10315,Sofia,Martinez,sofia.martinez315@empresa.com,2020-03-31,1,103,3523.28
10316,Valentina,Torres,valentina.torres316@empresa.com,2018-07-12,2,102,6366.04
10317,Luis,Lopez,luis.lopez317@empresa.com,2022-11-12,1,104,3719.58
10318,Laura,Rodriguez,laura.rodriguez318@empresa.com,2019-06-13,1,106,5373.09
10319,Laura,Vargas,laura.vargas319@empresa.com,2024-01-28,3,102,11782.94
10320,Ana,Torres,ana.torres320@empresa.com,2018-09-08,4,102,6810.48
10321,Sofia,Gomez,sofia.gomez321@empresa.com,2022-11-24,2,102,6910.65
10322,Oscar,Ramirez,oscar.ramirez322@empresa.com,2025-02-01,1,103,4279.15
10323,Ana,Lopez,ana.lopez323@empresa.com,2023-07-20,2,101,7775.71
10324,Valentina,Rodriguez,valentina.rodriguez324@empresa.com,2024-09-29,4,104,4914.57
10325,Ana,Lopez,ana.lopez325@empresa.com,2025-10-12,4,101,4021.62
10326,Valentina,Garcia,valentina.garcia326@empresa.com,2021-11-04,5,101,4005.39
10327,Carlos,Ramirez,carlos.ramirez327@empresa.com,2021-03-13,4,101,5512.4
10328,Laura,Vargas,laura.vargas328@empresa.com,2023-09-04,3,102,6860.37
10329,Carlos,Torres,carlos.torres329@empresa.com,2025-06-08,1,105,2073.54
10330,Andres,Torres,andres.torres330@empresa.com,2021-01-01,5,102,8784.4
10331,Sofia,Torres,sofia.torres331@empresa.com,2025-05-03,3,102,11658.37
10332,Oscar,Ramirez,oscar.ramirez332@empresa.com,2023-01-22,2,106,6295.28
10333,Valentina,Gomez,valentina.gomez333@empresa.com,2019-05-20,1,106,7644.56
10334,Oscar,Martinez,oscar.martinez334@empresa.com,2022-06-10,4,101,6608.94
10335,Valentina,Perez,valentina.perez335@empresa.com,2024-07-11,1,102,7506.48
10336,Luis,Sanchez,luis.sanchez336@empresa.com,2024-10-08,2,101,6601.7
10337,Ana,Rodriguez,ana.rodriguez337@empresa.com,2024-12-21,5,106,5849.34
10338,Andres,Gomez,andres.gomez338@empresa.com,2021-10-19,5,105,2488.03
10339,Laura,Vargas,laura.vargas339@empresa.com,2025-05-01,5,104,4753.46
10340,Valentina,Rodriguez,valentina.rodriguez340@empresa.com,2021-05-07,4,101,4453.76
10341,Oscar,Torres,oscar.torres341@empresa.com,2019-12-19,3,105,5987.64
10342,Andres,Lopez,andres.lopez342@empresa.com,2018-12-05,3,104,3458.63
10343,Maria,Vargas,maria.vargas343@empresa.com,2019-10-21,1,103,3688.28
10344,Maria,Rodriguez,maria.rodriguez344@empresa.com,2020-08-19,4,101,5645.5
10345,Carlos,Torres,carlos.torres345@empresa.com,2019-03-05,5,101,4505.55
10346,Laura,Rodriguez,laura.rodriguez346@empresa.com,2020-06-17,5,103,2555.69
10347,Luis,Lopez,luis.lopez347@empresa.com,2018-05-19,2,103,3745.46
10348,Oscar,Torres,oscar.torres348@empresa.com,2019-06-26,2,101,7227.03
10349,Ana,Martinez,ana.martinez349@empresa.com,2023-10-06,5,103,4184.03
10350,Ana,Gomez,ana.gomez350@empresa.com,2021-06-09,5,102,8896.28
10351,Oscar,Garcia,oscar.garcia351@empresa.com,2025-05-29,4,104,4943.64
10352,Sofia,Sanchez,sofia.sanchez352@empresa.com,2024-10-18,3,104,4682.12
10353,Luis,Ramirez,luis.ramirez353@empresa.com,2019-01-19,2,104,4810.64
10354,Andres,Sanchez,andres.sanchez354@empresa.com,2025-02-20,3,102,8955.59
10355,Valentina,Vargas,valentina.vargas355@empresa.com,2018-07-13,4,103,3766.82
10356,Sofia,Sanchez,sofia.sanchez356@empresa.com,2025-01-25,5,105,5222.1
10357,Valentina,Torres,valentina.torres357@empresa.com,2025-01-09,3,103,3295.77
10358,Valentina,Martinez,valentina.martinez358@empresa.com,2025-07-26,5,101,7223.92
10359,Sofia,Garcia,sofia.garcia359@empresa.com,2025-08-30,5,106,7368.07
10360,Carlos,Gomez,carlos.gomez360@empresa.com,2024-02-11,1,104,3414.75
10361,Maria,Gomez,maria.gomez361@empresa.com,2023-03-11,3,103,2549.37
10362,Valentina,Lopez,valentina.lopez362@empresa.com,2024-05-28,3,105,3451.01
10363,Sofia,Ramirez,sofia.ramirez363@empresa.com,2020-01-02,5,101,6186.79
10364,Sofia,Rodriguez,sofia.rodriguez364@empresa.com,2023-12-04,4,102,11038.92
10365,Javier,Martinez,javier.martinez365@empresa.com,2025-11-12,1,102,6764.91
10366,Carlos,Rodriguez,carlos.rodriguez366@empresa.com,2019-11-16,5,105,5200.83
10367,Laura,Garcia,laura.garcia367@empresa.com,2018-03-23,2,101,7452.04
10368,Javier,Sanchez,javier.sanchez368@empresa.com,2025-11-21,2,104,3376.72
10369,Javier,Gomez,javier.gomez369@empresa.com,2024-07-08,1,103,4203.19
10370,Oscar,Garcia,oscar.garcia370@empresa.com,2025-02-17,4,101,7965.81
10371,Maria,Sanchez,maria.sanchez371@empresa.com,2024-07-10,5,102,10361.03
10372,Sofia,Gomez,sofia.gomez372@empresa.com,2019-06-16,3,105,5139.08
10373,Maria,Sanchez,maria.sanchez373@empresa.com,2023-06-07,1,105,5977.66
10374,Luis,Ramirez,luis.ramirez374@empresa.com,2018-08-09,4,103,3710.96
10375,Oscar,Martinez,oscar.martinez375@empresa.com,2019-09-27,3,105,3231.55
10376,Laura,Vargas,laura.vargas376@empresa.com,2022-11-05,2,105,5350.12
10377,Maria,Garcia,maria.garcia377@empresa.com,2024-06-28,2,101,6457.94
10378,Ana,Garcia,ana.garcia378@empresa.com,2023-02-18,3,104,4452.99
10379,Valentina,Perez,valentina.perez379@empresa.com,2018-01-03,1,103,3007.27
10380,Luis,Torres,luis.torres380@empresa.com,2022-09-14,2,101,7025.34
10381,Carlos,Ramirez,carlos.ramirez381@empresa.com,2018-07-25,5,104,3204.17
10382,Laura,Ramirez,laura.ramirez382@empresa.com,2023-01-30,3,101,7697.15
10383,Luis,Rodriguez,luis.rodriguez383@empresa.com,2018-02-09,3,106,6303.29
10384,Valentina,Sanchez,valentina.sanchez384@empresa.com,2023-10-08,2,101,4511.1
10385,Oscar,Torres,oscar.torres385@empresa.com,2025-03-06,1,105,3769.47
10386,Valentina,Martinez,valentina.martinez386@empresa.com,2019-10-06,5,104,3106.17
10387,Javier,Martinez,javier.martinez387@empresa.com,2022-03-11,1,103,3869.25
10388,Valentina,Ramirez,valentina.ramirez388@empresa.com,2023-03-23,4,103,4305.41
10389,Javier,Martinez,javier.martinez389@empresa.com,2025-11-30,4,104,5093.16
10390,Oscar,Perez,oscar.perez390@empresa.com,2025-04-20,2,105,2509.48
10391,Andres,Garcia,andres.garcia391@empresa.com,2023-11-14,2,102,6757.63
10392,Javier,Lopez,javier.lopez392@empresa.com,2020-06-16,2,101,7253.74
10393,Carlos,Vargas,carlos.vargas393@empresa.com,2020-12-21,4,105,5697.02
10394,Valentina,Rodriguez,valentina.rodriguez394@empresa.com,2021-07-03,1,106,6842.68
10395,Valentina,Sanchez,valentina.sanchez395@empresa.com,2025-02-21,1,104,4247.43
10396,Carlos,Vargas,carlos.vargas396@empresa.com,2024-07-23,2,101,5273.05
10397,Ana,Sanchez,ana.sanchez397@empresa.com,2019-11-02,5,103,4288.53
10398,Sofia,Gomez,sofia.gomez398@empresa.com,2022-02-14,1,102,9869.42
10399,Andres,Vargas,andres.vargas399@empresa.com,2024-06-22,4,106,6153.01
10400,Laura,Lopez,laura.lopez400@empresa.com,2019-12-20,3,103,3097.57
10401,Javier,Ramirez,javier.ramirez401@empresa.com,2020-12-07,3,104,5228.0
10402,Carlos,Perez,carlos.perez402@empresa.com,2023-05-10,3,101,4054.54
10403,Oscar,Garcia,oscar.garcia403@empresa.com,2021-03-05,5,104,3806.82
10404,Javier,Garcia,javier.garcia404@empresa.com,2018-09-07,2,101,6217.43
10405,Sofia,Perez,sofia.perez405@empresa.com,2024-06-19,4,105,2592.87
10406,Oscar,Torres,oscar.torres406@empresa.com,2023-03-08,5,102,6552.59
10407,Luis,Gomez,luis.gomez407@empresa.com,2023-01-28,4,105,5261.11
10408,Valentina,Sanchez,valentina.sanchez408@empresa.com,2025-10-25,4,105,5577.62
10409,Luis,Lopez,luis.lopez409@empresa.com,2022-02-12,2,104,5059.02
10410,Javier,Martinez,javier.martinez410@empresa.com,2024-12-07,3,102,11392.73
10411,Sofia,Vargas,sofia.vargas411@empresa.com,2021-05-19,2,101,6212.45
10412,Andres,Gomez,andres.gomez412@empresa.com,2018-02-13,5,101,7249.03
10413,Javier,Vargas,javier.vargas413@empresa.com,2025-03-03,5,106,6536.17
10414,Carlos,Lopez,carlos.lopez414@empresa.com,2019-08-06,5,103,3832.54
10415,Maria,Rodriguez,maria.rodriguez415@empresa.com,2021-07-12,2,106,8955.34
10416,Javier,Rodriguez,javier.rodriguez416@empresa.com,2018-08-08,4,106,5902.91
10417,Valentina,Gomez,valentina.gomez417@empresa.com,2023-04-10,4,101,5559.6
10418,Valentina,Ramirez,valentina.ramirez418@empresa.com,2024-09-14,1,104,4200.12
10419,Javier,Lopez,javier.lopez419@empresa.com,2025-08-06,5,105,2552.06
10420,Oscar,Lopez,oscar.lopez420@empresa.com,2020-09-17,4,105,2324.15
10421,Maria,Perez,maria.perez421@empresa.com,2022-12-18,1,105,5318.89
10422,Carlos,Ramirez,carlos.ramirez422@empresa.com,2020-05-07,4,102,11860.77
10423,Javier,Sanchez,javier.sanchez423@empresa.com,2020-03-14,5,101,5618.9
10424,Oscar,Sanchez,oscar.sanchez424@empresa.com,2019-05-05,3,104,3219.12
10425,Valentina,Martinez,valentina.martinez425@empresa.com,2022-11-16,5,102,6394.87
10426,Valentina,Garcia,valentina.garcia426@empresa.com,2022-02-02,2,103,4282.64
10427,Sofia,Rodriguez,sofia.rodriguez427@empresa.com,2025-12-01,4,104,4159.54
10428,Javier,Sanchez,javier.sanchez428@empresa.com,2022-09-02,4,106,6280.11
10429,Maria,Ramirez,maria.ramirez429@empresa.com,2024-05-03,2,104,4191.15
10430,Ana,Lopez,ana.lopez430@empresa.com,2018-02-23,2,104,3795.76
10431,Maria,Sanchez,maria.sanchez431@empresa.com,2025-01-19,3,105,3956.14
10432,Valentina,Lopez,valentina.lopez432@empresa.com,2019-09-08,4,104,5148.89
10433,Valentina,Sanchez,valentina.sanchez433@empresa.com,2020-12-18,4,106,7369.21
10434,Luis,Rodriguez,luis.rodriguez434@empresa.com,2023-01-23,3,106,7778.62
10435,Valentina,Vargas,valentina.vargas435@empresa.com,2020-08-12,1,101,5458.68
10436,Carlos,Sanchez,carlos.sanchez436@empresa.com,2024-08-30,3,104,4846.26
10437,Laura,Ramirez,laura.ramirez437@empresa.com,2022-06-18,5,105,4666.47
10438,Javier,Sanchez,javier.sanchez438@empresa.com,2025-08-13,4,104,3298.9
10439,Maria,Garcia,maria.garcia439@empresa.com,2025-07-26,2,103,3645.29
10440,Laura,Rodriguez,laura.rodriguez440@empresa.com,2019-10-12,5,103,3013.49
10441,Oscar,Ramirez,oscar.ramirez441@empresa.com,2024-06-05,4,105,5216.38
10442,Ana,Perez,ana.perez442@empresa.com,2019-01-30,3,101,5703.75
10443,Carlos,Ramirez,carlos.ramirez443@empresa.com,2021-09-21,5,101,7978.74
10444,Maria,Garcia,maria.garcia444@empresa.com,2025-03-25,4,106,5370.0
10445,Laura,Vargas,laura.vargas445@empresa.com,2025-01-05,1,106,8121.39
10446,Ana,Rodriguez,ana.rodriguez446@empresa.com,2024-09-09,1,102,10042.21
10447,Luis,Perez,luis.perez447@empresa.com,2019-01-06,2,105,5070.0
10448,Carlos,Garcia,carlos.garcia448@empresa.com,2020-05-07,4,104,3768.82
10449,Carlos,Garcia,carlos.garcia449@empresa.com,2020-03-01,1,105,3968.22
10450,Luis,Gomez,luis.gomez450@empresa.com,2019-10-20,3,102,10779.05
10451,Javier,Rodriguez,javier.rodriguez451@empresa.com,2025-08-15,4,106,5930.17
10452,Luis,Ramirez,luis.ramirez452@empresa.com,2021-10-24,3,105,2904.13
10453,Carlos,Lopez,carlos.lopez453@empresa.com,2019-01-19,3,105,4204.2
10454,Carlos,Vargas,carlos.vargas454@empresa.com,2023-10-11,1,106,7094.25
10455,Laura,Lopez,laura.lopez455@empresa.com,2024-12-27,4,102,7693.57
10456,Valentina,Ramirez,valentina.ramirez456@empresa.com,2018-08-27,5,106,6192.3
10457,Ana,Ramirez,ana.ramirez457@empresa.com,2018-07-14,1,101,5111.38
10458,Luis,Rodriguez,luis.rodriguez458@empresa.com,2025-06-18,1,104,4928.78
10459,Ana,Ramirez,ana.ramirez459@empresa.com,2023-10-10,4,106,7607.6
10460,Luis,Gomez,luis.gomez460@empresa.com,2021-02-26,4,102,10994.5
10461,Oscar,Perez,oscar.perez461@empresa.com,2025-06-25,3,103,4450.95
10462,Carlos,Ramirez,carlos.ramirez462@empresa.com,2023-07-09,4,101,5896.66
10463,Valentina,Lopez,valentina.lopez463@empresa.com,2018-06-05,3,103,2633.39
10464,Laura,Ramirez,laura.ramirez464@empresa.com,2020-07-11,1,106,5192.37
10465,Valentina,Gomez,valentina.gomez465@empresa.com,2025-12-25,2,101,5182.66
10466,Valentina,Sanchez,valentina.sanchez466@empresa.com,2022-05-29,5,104,5331.36
10467,Valentina,Sanchez,valentina.sanchez467@empresa.com,2020-09-01,1,106,7092.85
10468,Ana,Garcia,ana.garcia468@empresa.com,2021-05-15,4,104,3679.47
10469,Luis,Vargas,luis.vargas469@empresa.com,2024-09-01,5,105,3596.67
10470,Andres,Martinez,andres.martinez470@empresa.com,2022-12-20,2,103,3697.19
10471,Oscar,Perez,oscar.perez471@empresa.com,2020-04-17,2,101,6611.8
10472,Maria,Torres,maria.torres472@empresa.com,2023-07-01,3,104,3384.8
10473,Valentina,Garcia,valentina.garcia473@empresa.com,2021-09-25,5,102,11862.19
10474,Javier,Vargas,javier.vargas474@empresa.com,2024-07-15,3,104,4361.93
10475,Ana,Sanchez,ana.sanchez475@empresa.com,2018-07-23,1,102,6814.13
10476,Laura,Lopez,laura.lopez476@empresa.com,2018-06-10,5,106,8574.54
10477,Maria,Torres,maria.torres477@empresa.com,2019-01-27,1,101,4298.55
10478,Andres,Vargas,andres.vargas478@empresa.com,2020-02-08,3,104,5269.34
10479,Javier,Vargas,javier.vargas479@empresa.com,2025-03-07,5,104,5491.41
10480,Andres,Garcia,andres.garcia480@empresa.com,2025-01-25,3,101,6801.73
10481,Maria,Torres,maria.torres481@empresa.com,2020-12-29,5,104,4926.12
10482,Valentina,Rodriguez,valentina.rodriguez482@empresa.com,2019-02-09,3,102,8023.82
10483,Javier,Martinez,javier.martinez483@empresa.com,2019-08-31,2,104,5353.94
10484,Andres,Rodriguez,andres.rodriguez484@empresa.com,2022-06-03,3,103,3559.43
10485,Laura,Torres,laura.torres485@empresa.com,2022-03-21,2,106,7929.55
10486,Luis,Rodriguez,luis.rodriguez486@empresa.com,2025-11-15,3,105,5696.43
10487,Carlos,Gomez,carlos.gomez487@empresa.com,2023-01-12,5,102,11851.08
10488,Luis,Sanchez,luis.sanchez488@empresa.com,2019-11-21,5,103,4166.41
10489,Maria,Gomez,maria.gomez489@empresa.com,2021-05-25,5,106,6212.07
10490,Ana,Ramirez,ana.ramirez490@empresa.com,2023-10-05,4,101,7866.19
10491,Carlos,Rodriguez,carlos.rodriguez491@empresa.com,2019-01-01,1,102,9768.72
10492,Oscar,Ramirez,oscar.ramirez492@empresa.com,2022-09-19,5,105,5722.57
10493,Laura,Lopez,laura.lopez493@empresa.com,2019-03-31,2,106,7704.42
10494,Oscar,Perez,oscar.perez494@empresa.com,2018-04-14,5,105,3228.96
10495,Javier,Lopez,javier.lopez495@empresa.com,2018-03-18,4,101,5480.1
10496,Carlos,Torres,carlos.torres496@empresa.com,2018-08-18,2,101,6201.89
10497,Oscar,Vargas,oscar.vargas497@empresa.com,2023-04-22,4,102,10740.09
10498,Oscar,Sanchez,oscar.sanchez498@empresa.com,2024-07-06,2,104,3794.96
10499,Andres,Rodriguez,andres.rodriguez499@empresa.com,2021-04-20,3,101,6318.92
10500,Luis,Garcia,luis.garcia500@empresa.com,2020-06-11,1,106,6382.5
10501,Andres,Perez,andres.perez501@empresa.com,2022-04-23,1,104,5039.42
10502,Carlos,Martinez,carlos.martinez502@empresa.com,2025-06-28,4,103,3433.46
10503,Carlos,Martinez,carlos.martinez503@empresa.com,2023-09-06,1,105,2306.89
10504,Maria,Martinez,maria.martinez504@empresa.com,2022-08-03,4,104,3415.13
10505,Andres,Rodriguez,andres.rodriguez505@empresa.com,2018-10-26,4,105,2244.42
10506,Sofia,Martinez,sofia.martinez506@empresa.com,2020-08-14,4,104,4248.26
10507,Luis,Gomez,luis.gomez507@empresa.com,2025-10-17,1,103,2712.67
10508,Carlos,Perez,carlos.perez508@empresa.com,2021-01-19,4,101,4456.56
10509,Maria,Gomez,maria.gomez509@empresa.com,2024-12-02,1,103,4382.1
10510,Andres,Vargas,andres.vargas510@empresa.com,2025-03-05,4,101,7490.62
10511,Luis,Perez,luis.perez511@empresa.com,2024-11-10,5,101,5808.35
10512,Andres,Gomez,andres.gomez512@empresa.com,2022-01-14,4,105,5943.22
10513,Oscar,Perez,oscar.perez513@empresa.com,2018-12-31,2,106,5000.75
10514,Maria,Vargas,maria.vargas514@empresa.com,2025-12-16,4,103,3727.96
10515,Luis,Ramirez,luis.ramirez515@empresa.com,2022-08-26,3,104,4541.07
10516,Valentina,Rodriguez,valentina.rodriguez516@empresa.com,2018-12-17,4,103,3414.89
10517,Javier,Rodriguez,javier.rodriguez517@empresa.com,2024-04-19,2,105,3587.79
10518,Javier,Martinez,javier.martinez518@empresa.com,2025-09-29,2,101,5821.53
10519,Luis,Lopez,luis.lopez519@empresa.com,2023-03-20,1,105,3659.84
10520,Andres,Martinez,andres.martinez520@empresa.com,2025-10-21,5,102,10382.95
10521,Maria,Torres,maria.torres521@empresa.com,2020-10-08,4,102,6812.13
10522,Javier,Gomez,javier.gomez522@empresa.com,2024-11-11,1,104,3494.1
10523,Maria,Perez,maria.perez523@empresa.com,2019-05-14,5,105,2722.07
10524,Javier,Lopez,javier.lopez524@empresa.com,2020-08-07,4,104,3656.18
10525,Oscar,Vargas,oscar.vargas525@empresa.com,2023-06-18,3,104,4313.15
10526,Andres,Torres,andres.torres526@empresa.com,2023-08-09,4,102,6667.25
10527,Oscar,Vargas,oscar.vargas527@empresa.com,2019-05-23,2,104,5170.42
10528,Javier,Rodriguez,javier.rodriguez528@empresa.com,2021-08-20,2,102,7784.17
10529,Valentina,Rodriguez,valentina.rodriguez529@empresa.com,2024-12-23,3,101,4650.15
10530,Valentina,Martinez,valentina.martinez530@empresa.com,2025-10-21,1,105,4702.49
10531,Oscar,Gomez,oscar.gomez531@empresa.com,2025-03-30,5,104,3095.22
10532,Valentina,Lopez,valentina.lopez532@empresa.com,2018-06-15,4,102,9719.81
10533,Javier,Sanchez,javier.sanchez533@empresa.com,2024-11-14,2,103,3896.4
10534,Luis,Torres,luis.torres534@empresa.com,2020-07-08,1,104,3537.29
10535,Oscar,Torres,oscar.torres535@empresa.com,2018-04-24,3,106,5167.86
10536,Ana,Martinez,ana.martinez536@empresa.com,2020-09-18,2,101,5454.58
10537,Andres,Rodriguez,andres.rodriguez537@empresa.com,2023-05-06,3,101,4394.38
10538,Valentina,Martinez,valentina.martinez538@empresa.com,2024-03-04,4,103,2732.96
10539,Valentina,Perez,valentina.perez539@empresa.com,2021-06-12,5,102,7525.57
10540,Carlos,Lopez,carlos.lopez540@empresa.com,2019-05-30,2,104,3738.67
10541,Sofia,Gomez,sofia.gomez541@empresa.com,2021-05-16,2,102,9179.82
10542,Oscar,Ramirez,oscar.ramirez542@empresa.com,2019-12-10,4,101,6713.57
10543,Laura,Garcia,laura.garcia543@empresa.com,2023-12-26,1,102,9556.63
10544,Valentina,Garcia,valentina.garcia544@empresa.com,2018-12-05,5,101,4593.44
10545,Andres,Martinez,andres.martinez545@empresa.com,2025-01-28,2,102,7032.52
10546,Ana,Perez,ana.perez546@empresa.com,2018-03-09,5,103,4257.54
10547,Valentina,Lopez,valentina.lopez547@empresa.com,2022-05-16,2,105,4233.41
10548,Ana,Sanchez,ana.sanchez548@empresa.com,2022-04-14,5,103,4239.88
10549,Javier,Garcia,javier.garcia549@empresa.com,2019-01-18,3,103,3243.09
10550,Javier,Lopez,javier.lopez550@empresa.com,2018-01-19,2,105,4457.6
10551,Sofia,Gomez,sofia.gomez551@empresa.com,2025-06-23,5,105,4094.65
10552,Luis,Vargas,luis.vargas552@empresa.com,2023-10-23,1,104,3797.81
10553,Laura,Perez,laura.perez553@empresa.com,2019-07-27,3,104,4174.79
10554,Carlos,Rodriguez,carlos.rodriguez554@empresa.com,2021-07-23,3,103,3504.98
10555,Sofia,Lopez,sofia.lopez555@empresa.com,2024-03-08,1,103,2901.54
10556,Maria,Gomez,maria.gomez556@empresa.com,2025-12-12,5,101,5260.04
10557,Carlos,Sanchez,carlos.sanchez557@empresa.com,2023-04-28,4,101,7165.64
10558,Oscar,Ramirez,oscar.ramirez558@empresa.com,2019-10-13,1,104,5289.47
10559,Andres,Rodriguez,andres.rodriguez559@empresa.com,2022-07-04,5,106,6439.18
10560,Maria,Ramirez,maria.ramirez560@empresa.com,2020-09-20,1,106,6227.89
10561,Maria,Sanchez,maria.sanchez561@empresa.com,2025-07-05,1,104,3487.99
10562,Sofia,Gomez,sofia.gomez562@empresa.com,2025-01-31,2,101,6713.96
10563,Luis,Garcia,luis.garcia563@empresa.com,2021-08-31,5,101,5292.4
10564,Sofia,Ramirez,sofia.ramirez564@empresa.com,2020-06-19,4,106,8951.0
10565,Oscar,Rodriguez,oscar.rodriguez565@empresa.com,2022-08-12,2,102,7954.11
10566,Valentina,Martinez,valentina.martinez566@empresa.com,2025-09-28,1,102,8364.82
10567,Valentina,Torres,valentina.torres567@empresa.com,2022-05-05,1,101,6413.34
10568,Luis,Lopez,luis.lopez568@empresa.com,2023-04-08,1,102,10810.11
10569,Oscar,Garcia,oscar.garcia569@empresa.com,2022-11-17,5,105,3878.07
10570,Luis,Ramirez,luis.ramirez570@empresa.com,2021-02-10,5,104,4056.64
10571,Ana,Vargas,ana.vargas571@empresa.com,2024-01-27,2,104,5489.09
10572,Valentina,Lopez,valentina.lopez572@empresa.com,2023-04-29,4,101,4041.97
10573,Maria,Martinez,maria.martinez573@empresa.com,2020-11-03,2,103,4290.13
10574,Laura,Sanchez,laura.sanchez574@empresa.com,2022-10-05,3,106,5596.56
10575,Andres,Torres,andres.torres575@empresa.com,2018-10-15,1,101,7143.7
10576,Oscar,Gomez,oscar.gomez576@empresa.com,2024-02-15,1,102,9707.59
10577,Carlos,Martinez,carlos.martinez577@empresa.com,2022-05-10,1,106,6367.39
10578,Luis,Martinez,luis.martinez578@empresa.com,2025-07-04,2,103,4247.75
10579,Andres,Sanchez,andres.sanchez579@empresa.com,2022-10-12,2,102,6077.44
10580,Carlos,Perez,carlos.perez580@empresa.com,2024-11-23,1,105,2906.76
10581,Andres,Sanchez,andres.sanchez581@empresa.com,2021-01-03,2,102,9401.36
10582,Laura,Perez,laura.perez582@empresa.com,2024-05-13,5,105,3406.17
10583,Carlos,Perez,carlos.perez583@empresa.com,2020-07-28,5,106,7441.51
10584,Sofia,Garcia,sofia.garcia584@empresa.com,2021-12-19,2,105,2096.44
10585,Javier,Garcia,javier.garcia585@empresa.com,2019-07-25,1,106,5465.84
10586,Sofia,Rodriguez,sofia.rodriguez586@empresa.com,2025-12-14,2,106,5508.38
10587,Valentina,Ramirez,valentina.ramirez587@empresa.com,2020-09-27,2,106,5757.13
10588,Javier,Ramirez,javier.ramirez588@empresa.com,2021-04-20,2,106,6837.33
10589,Sofia,Gomez,sofia.gomez589@empresa.com,2024-11-10,3,106,8008.51
10590,Javier,Ramirez,javier.ramirez590@empresa.com,2020-07-06,5,102,11433.23
10591,Javier,Garcia,javier.garcia591@empresa.com,2023-02-18,4,106,8341.49
10592,Maria,Rodriguez,maria.rodriguez592@empresa.com,2020-04-12,4,102,7181.33
10593,Luis,Rodriguez,luis.rodriguez593@empresa.com,2025-11-26,3,106,6764.6
10594,Luis,Perez,luis.perez594@empresa.com,2024-02-19,2,105,2797.65
10595,Maria,Sanchez,maria.sanchez595@empresa.com,2022-08-06,3,106,6057.89
10596,Andres,Gomez,andres.gomez596@empresa.com,2019-09-08,3,103,3507.09
10597,Ana,Perez,ana.perez597@empresa.com,2019-02-10,1,106,5272.44
10598,Andres,Sanchez,andres.sanchez598@empresa.com,2022-10-16,5,106,5872.7
10599,Carlos,Ramirez,carlos.ramirez599@empresa.com,2025-07-31,4,105,5741.51
10600,Carlos,Perez,carlos.perez600@empresa.com,2018-04-03,2,104,4165.29
10601,Javier,Lopez,javier.lopez601@empresa.com,2024-10-13,4,105,3781.55
10602,Sofia,Ramirez,sofia.ramirez602@empresa.com,2019-10-16,4,103,2529.13
10603,Sofia,Sanchez,sofia.sanchez603@empresa.com,2019-03-10,5,104,3618.5
10604,Luis,Gomez,luis.gomez604@empresa.com,2021-02-09,4,101,7465.17
10605,Oscar,Sanchez,oscar.sanchez605@empresa.com,2019-01-10,4,101,4658.51
10606,Andres,Perez,andres.perez606@empresa.com,2020-12-02,3,103,3330.25
10607,Valentina,Perez,valentina.perez607@empresa.com,2018-07-26,5,105,2057.32
10608,Laura,Martinez,laura.martinez608@empresa.com,2020-02-19,1,102,8870.01
10609,Sofia,Gomez,sofia.gomez609@empresa.com,2021-08-12,2,103,2542.04
10610,Laura,Vargas,laura.vargas610@empresa.com,2021-02-15,4,104,5049.02
10611,Javier,Ramirez,javier.ramirez611@empresa.com,2019-06-16,2,104,5062.13
10612,Laura,Rodriguez,laura.rodriguez612@empresa.com,2024-01-23,1,106,8150.97
10613,Valentina,Gomez,valentina.gomez613@empresa.com,2025-05-14,2,101,5133.46
10614,Maria,Rodriguez,maria.rodriguez614@empresa.com,2018-03-31,1,104,5093.09
10615,Valentina,Gomez,valentina.gomez615@empresa.com,2021-01-22,3,103,3586.0
10616,Laura,Gomez,laura.gomez616@empresa.com,2018-01-13,4,104,3934.52
10617,Valentina,Sanchez,valentina.sanchez617@empresa.com,2023-02-01,1,103,3750.66
10618,Ana,Gomez,ana.gomez618@empresa.com,2020-03-15,2,102,6074.05
10619,Javier,Martinez,javier.martinez619@empresa.com,2020-08-02,4,106,5571.84
10620,Andres,Vargas,andres.vargas620@empresa.com,2025-08-21,3,101,6969.17
10621,Maria,Perez,maria.perez621@empresa.com,2023-02-01,4,104,3610.4
10622,Sofia,Torres,sofia.torres622@empresa.com,2022-05-30,1,103,3696.02
10623,Carlos,Rodriguez,carlos.rodriguez623@empresa.com,2023-05-14,3,105,3540.41
10624,Andres,Perez,andres.perez624@empresa.com,2025-05-31,2,101,7419.22
10625,Carlos,Torres,carlos.torres625@empresa.com,2020-11-18,3,102,11714.49
10626,Javier,Vargas,javier.vargas626@empresa.com,2018-10-23,3,103,4267.13
10627,Maria,Vargas,maria.vargas627@empresa.com,2020-07-14,5,106,6082.48
10628,Luis,Rodriguez,luis.rodriguez628@empresa.com,2019-10-02,3,106,5776.65
10629,Sofia,Rodriguez,sofia.rodriguez629@empresa.com,2024-07-15,3,102,8846.61
10630,Ana,Vargas,ana.vargas630@empresa.com,2019-09-20,4,102,6044.0
10631,Luis,Torres,luis.torres631@empresa.com,2024-10-22,2,106,5103.24
10632,Javier,Gomez,javier.gomez632@empresa.com,2021-03-13,4,104,4383.23
10633,Andres,Ramirez,andres.ramirez633@empresa.com,2020-07-30,4,104,4301.12
10634,Ana,Lopez,ana.lopez634@empresa.com,2020-04-09,1,103,4489.16
10635,Valentina,Perez,valentina.perez635@empresa.com,2022-11-06,4,105,2807.37
10636,Laura,Sanchez,laura.sanchez636@empresa.com,2025-01-10,5,103,3016.21
10637,Ana,Perez,ana.perez637@empresa.com,2020-09-02,5,105,2454.16
10638,Javier,Sanchez,javier.sanchez638@empresa.com,2020-08-12,1,102,11505.26
10639,Oscar,Torres,oscar.torres639@empresa.com,2021-06-16,2,101,7111.24
10640,Laura,Sanchez,laura.sanchez640@empresa.com,2020-08-09,2,103,4144.68
10641,Carlos,Rodriguez,carlos.rodriguez641@empresa.com,2020-08-01,4,103,4305.53
10642,Sofia,Ramirez,sofia.ramirez642@empresa.com,2024-01-12,4,105,4099.6
10643,Carlos,Ramirez,carlos.ramirez643@empresa.com,2021-04-19,4,102,8707.16
10644,Ana,Rodriguez,ana.rodriguez644@empresa.com,2023-11-06,2,102,7982.35
10645,Carlos,Martinez,carlos.martinez645@empresa.com,2022-03-15,3,105,4356.86
10646,Javier,Torres,javier.torres646@empresa.com,2021-01-01,5,102,8725.67
10647,Valentina,Martinez,valentina.martinez647@empresa.com,2018-06-28,3,106,6806.26
10648,Andres,Martinez,andres.martinez648@empresa.com,2024-03-09,3,104,5342.32
10649,Sofia,Perez,sofia.perez649@empresa.com,2023-01-03,2,106,8936.13
10650,Carlos,Vargas,carlos.vargas650@empresa.com,2021-06-11,3,101,7185.94
10651,Carlos,Perez,carlos.perez651@empresa.com,2019-04-10,1,103,4013.52
10652,Ana,Vargas,ana.vargas652@empresa.com,2022-11-10,4,101,6722.23
10653,Andres,Lopez,andres.lopez653@empresa.com,2025-05-02,1,103,2832.15
10654,Luis,Sanchez,luis.sanchez654@empresa.com,2025-11-12,5,104,3147.76
10655,Carlos,Vargas,carlos.vargas655@empresa.com,2021-05-15,4,102,10144.36
10656,Javier,Rodriguez,javier.rodriguez656@empresa.com,2025-04-08,3,106,7915.14
10657,Oscar,Perez,oscar.perez657@empresa.com,2020-06-03,5,105,2187.89
10658,Sofia,Torres,sofia.torres658@empresa.com,2024-08-10,4,106,8712.21
10659,Carlos,Sanchez,carlos.sanchez659@empresa.com,2024-05-12,3,104,3227.85
10660,Javier,Lopez,javier.lopez660@empresa.com,2024-08-24,1,101,5143.6
10661,Javier,Vargas,javier.vargas661@empresa.com,2021-08-25,4,105,4689.56
10662,Sofia,Lopez,sofia.lopez662@empresa.com,2022-07-13,3,102,7019.24
10663,Luis,Torres,luis.torres663@empresa.com,2020-08-02,1,104,3138.54
10664,Javier,Martinez,javier.martinez664@empresa.com,2025-10-28,5,105,3324.59
10665,Oscar,Ramirez,oscar.ramirez665@empresa.com,2020-07-13,5,104,4914.93
10666,Javier,Torres,javier.torres666@empresa.com,2023-04-23,5,104,4034.2
10667,Javier,Garcia,javier.garcia667@empresa.com,2019-05-09,5,102,9917.84
10668,Javier,Torres,javier.torres668@empresa.com,2022-03-27,2,103,3659.24
10669,Valentina,Lopez,valentina.lopez669@empresa.com,2023-05-24,4,105,2088.87
10670,Valentina,Rodriguez,valentina.rodriguez670@empresa.com,2020-12-30,4,102,11931.24
10671,Luis,Perez,luis.perez671@empresa.com,2024-08-08,2,104,3103.57
10672,Carlos,Rodriguez,carlos.rodriguez672@empresa.com,2025-03-02,3,102,11806.82
10673,Javier,Lopez,javier.lopez673@empresa.com,2022-12-31,3,103,3599.73
10674,Andres,Perez,andres.perez674@empresa.com,2020-02-02,5,106,8852.64
10675,Carlos,Garcia,carlos.garcia675@empresa.com,2024-05-12,1,105,2459.01
10676,Luis,Ramirez,luis.ramirez676@empresa.com,2018-02-19,3,103,3480.82
10677,Maria,Sanchez,maria.sanchez677@empresa.com,2025-08-07,1,101,4678.02
10678,Carlos,Lopez,carlos.lopez678@empresa.com,2020-06-24,4,105,2203.9
10679,Carlos,Vargas,carlos.vargas679@empresa.com,2019-07-18,1,103,3735.06
10680,Laura,Lopez,laura.lopez680@empresa.com,2020-02-22,4,104,3519.46
10681,Ana,Lopez,ana.lopez681@empresa.com,2024-12-07,2,105,4350.79
10682,Laura,Perez,laura.perez682@empresa.com,2023-08-03,2,105,2449.46
10683,Oscar,Gomez,oscar.gomez683@empresa.com,2023-01-06,5,102,7991.92
10684,Valentina,Torres,valentina.torres684@empresa.com,2019-08-07,3,104,4954.08
10685,Valentina,Gomez,valentina.gomez685@empresa.com,2021-08-12,5,101,5748.21
10686,Ana,Garcia,ana.garcia686@empresa.com,2018-08-24,4,106,7510.98
10687,Sofia,Vargas,sofia.vargas687@empresa.com,2023-10-05,5,103,3794.92
10688,Sofia,Ramirez,sofia.ramirez688@empresa.com,2023-04-27,1,102,11062.53
10689,Luis,Martinez,luis.martinez689@empresa.com,2018-12-26,4,103,3149.85
10690,Ana,Garcia,ana.garcia690@empresa.com,2023-04-15,2,101,6749.18
10691,Carlos,Martinez,carlos.martinez691@empresa.com,2018-04-20,3,101,7846.46
10692,Sofia,Martinez,sofia.martinez692@empresa.com,2018-07-11,4,105,4920.97
10693,Javier,Ramirez,javier.ramirez693@empresa.com,2020-06-22,4,101,5959.48
10694,Andres,Rodriguez,andres.rodriguez694@empresa.com,2021-01-21,1,103,3761.43
10695,Carlos,Gomez,carlos.gomez695@empresa.com,2020-05-11,3,104,4849.21
10696,Oscar,Lopez,oscar.lopez696@empresa.com,2025-02-28,2,104,4530.69
10697,Javier,Sanchez,javier.sanchez697@empresa.com,2020-12-19,4,105,2066.7
10698,Javier,Martinez,javier.martinez698@empresa.com,2019-10-12,4,106,5779.09
10699,Ana,Vargas,ana.vargas699@empresa.com,2018-02-08,1,103,4120.94
10700,Luis,Garcia,luis.garcia700@empresa.com,2019-09-29,5,103,3045.3
10701,Oscar,Rodriguez,oscar.rodriguez701@empresa.com,2020-11-02,2,101,6926.25
10702,Sofia,Martinez,sofia.martinez702@empresa.com,2018-02-05,3,103,3244.24
10703,Ana,Rodriguez,ana.rodriguez703@empresa.com,2023-11-19,4,102,9131.31
10704,Sofia,Rodriguez,sofia.rodriguez704@empresa.com,2021-09-23,4,106,5271.89
10705,Ana,Martinez,ana.martinez705@empresa.com,2023-06-07,2,101,4724.9
10706,Ana,Perez,ana.perez706@empresa.com,2018-06-15,5,102,11743.18
10707,Ana,Torres,ana.torres707@empresa.com,2024-08-27,4,105,5560.55
10708,Luis,Vargas,luis.vargas708@empresa.com,2023-02-23,2,104,4630.69
10709,Ana,Lopez,ana.lopez709@empresa.com,2025-10-08,1,105,3838.58
10710,Maria,Lopez,maria.lopez710@empresa.com,2018-01-31,5,104,4689.4
10711,Andres,Vargas,andres.vargas711@empresa.com,2018-01-11,3,105,4474.44
10712,Sofia,Perez,sofia.perez712@empresa.com,2023-07-05,4,103,3637.1
10713,Carlos,Lopez,carlos.lopez713@empresa.com,2023-11-14,2,102,6355.06
10714,Laura,Rodriguez,laura.rodriguez714@empresa.com,2024-11-05,1,104,4582.01
10715,Oscar,Ramirez,oscar.ramirez715@empresa.com,2024-02-18,3,101,7075.68
10716,Valentina,Garcia,valentina.garcia716@empresa.com,2019-05-01,2,102,11964.49
10717,Luis,Gomez,luis.gomez717@empresa.com,2021-07-13,2,101,4044.31
10718,Carlos,Lopez,carlos.lopez718@empresa.com,2021-12-18,3,102,10381.04
10719,Javier,Vargas,javier.vargas719@empresa.com,2024-04-04,1,102,9430.74
10720,Maria,Ramirez,maria.ramirez720@empresa.com,2023-04-28,1,105,3736.21
10721,Valentina,Martinez,valentina.martinez721@empresa.com,2023-05-18,5,104,3318.93
10722,Laura,Torres,laura.torres722@empresa.com,2023-01-26,4,104,4022.71
10723,Carlos,Vargas,carlos.vargas723@empresa.com,2022-01-09,3,102,8126.26
10724,Valentina,Rodriguez,valentina.rodriguez724@empresa.com,2021-09-28,3,103,3105.66
10725,Carlos,Torres,carlos.torres725@empresa.com,2025-08-14,3,103,3961.76
10726,Maria,Garcia,maria.garcia726@empresa.com,2020-09-17,1,101,6802.9
10727,Laura,Garcia,laura.garcia727@empresa.com,2020-04-04,4,101,6356.08
10728,Javier,Perez,javier.perez728@empresa.com,2022-01-02,5,105,5754.66
10729,Ana,Sanchez,ana.sanchez729@empresa.com,2023-11-24,2,102,8099.13
10730,Sofia,Perez,sofia.perez730@empresa.com,2024-02-07,2,101,4975.21
10731,Javier,Ramirez,javier.ramirez731@empresa.com,2024-02-10,3,101,6623.61
10732,Ana,Torres,ana.torres732@empresa.com,2018-08-14,4,106,5795.26
10733,Luis,Sanchez,luis.sanchez733@empresa.com,2020-02-16,1,102,7890.06
10734,Andres,Martinez,andres.martinez734@empresa.com,2025-10-08,4,105,2898.41
10735,Oscar,Rodriguez,oscar.rodriguez735@empresa.com,2021-01-17,4,101,4276.61
10736,Oscar,Torres,oscar.torres736@empresa.com,2019-11-19,1,105,5309.99
10737,Sofia,Perez,sofia.perez737@empresa.com,2019-06-14,3,104,3636.35
10738,Laura,Gomez,laura.gomez738@empresa.com,2020-08-29,4,105,3892.11
10739,Maria,Sanchez,maria.sanchez739@empresa.com,2020-07-24,2,103,2586.63
10740,Laura,Sanchez,laura.sanchez740@empresa.com,2021-11-23,1,103,3898.68
10741,Maria,Rodriguez,maria.rodriguez741@empresa.com,2023-11-24,5,105,3322.24
10742,Laura,Lopez,laura.lopez742@empresa.com,2021-07-18,3,103,3989.47
10743,Andres,Garcia,andres.garcia743@empresa.com,2023-06-22,1,104,4031.01
10744,Luis,Garcia,luis.garcia744@empresa.com,2025-11-18,5,102,7174.53
10745,Luis,Gomez,luis.gomez745@empresa.com,2022-03-07,5,103,3526.35
10746,Ana,Ramirez,ana.ramirez746@empresa.com,2019-11-10,4,103,2761.01
10747,Valentina,Ramirez,valentina.ramirez747@empresa.com,2025-12-06,4,105,3762.16
10748,Luis,Martinez,luis.martinez748@empresa.com,2024-09-06,4,104,3793.26
10749,Luis,Torres,luis.torres749@empresa.com,2018-02-09,1,102,11471.76
10750,Javier,Vargas,javier.vargas750@empresa.com,2025-05-31,1,105,2243.71
10751,Javier,Lopez,javier.lopez751@empresa.com,2021-01-10,3,105,4776.07
10752,Ana,Perez,ana.perez752@empresa.com,2020-04-24,4,106,5731.0
10753,Valentina,Vargas,valentina.vargas753@empresa.com,2022-10-10,5,104,3797.61
10754,Sofia,Vargas,sofia.vargas754@empresa.com,2024-02-27,2,102,8493.08
10755,Javier,Sanchez,javier.sanchez755@empresa.com,2019-03-23,3,104,5270.04
10756,Sofia,Gomez,sofia.gomez756@empresa.com,2021-05-19,1,102,7455.47
10757,Carlos,Garcia,carlos.garcia757@empresa.com,2024-10-27,3,104,3228.27
10758,Javier,Martinez,javier.martinez758@empresa.com,2021-09-12,3,105,3274.76
10759,Andres,Ramirez,andres.ramirez759@empresa.com,2025-09-09,3,105,2418.7
10760,Valentina,Gomez,valentina.gomez760@empresa.com,2018-08-15,3,101,4514.39
10761,Ana,Sanchez,ana.sanchez761@empresa.com,2018-02-17,2,103,3647.7
10762,Carlos,Perez,carlos.perez762@empresa.com,2022-01-02,4,106,5243.61
10763,Valentina,Martinez,valentina.martinez763@empresa.com,2023-01-05,5,104,3077.33
10764,Andres,Sanchez,andres.sanchez764@empresa.com,2018-07-06,3,106,7857.66
10765,Valentina,Garcia,valentina.garcia765@empresa.com,2024-07-20,3,101,5446.59
10766,Andres,Garcia,andres.garcia766@empresa.com,2024-03-21,3,103,2750.75
10767,Andres,Garcia,andres.garcia767@empresa.com,2025-11-17,4,104,3634.03
10768,Sofia,Gomez,sofia.gomez768@empresa.com,2024-12-10,1,102,9852.52
10769,Laura,Gomez,laura.gomez769@empresa.com,2023-04-17,1,103,3051.07
10770,Carlos,Ramirez,carlos.ramirez770@empresa.com,2020-04-28,2,105,3978.08
10771,Valentina,Ramirez,valentina.ramirez771@empresa.com,2023-07-26,1,101,4486.78
10772,Maria,Perez,maria.perez772@empresa.com,2021-06-06,3,103,3676.19
10773,Carlos,Martinez,carlos.martinez773@empresa.com,2021-11-14,3,103,3132.16
10774,Laura,Rodriguez,laura.rodriguez774@empresa.com,2020-09-05,3,105,4507.87
10775,Carlos,Rodriguez,carlos.rodriguez775@empresa.com,2022-06-01,2,104,5020.99
10776,Luis,Sanchez,luis.sanchez776@empresa.com,2020-10-13,3,102,9669.88
10777,Maria,Garcia,maria.garcia777@empresa.com,2024-02-14,1,105,3182.99
10778,Laura,Martinez,laura.martinez778@empresa.com,2023-02-25,4,102,7534.46
10779,Sofia,Vargas,sofia.vargas779@empresa.com,2018-09-27,4,104,3818.55
10780,Valentina,Gomez,valentina.gomez780@empresa.com,2022-06-19,5,103,2829.24
10781,Oscar,Torres,oscar.torres781@empresa.com,2018-11-06,1,102,7087.03
10782,Laura,Lopez,laura.lopez782@empresa.com,2023-08-06,3,101,7162.76
10783,Ana,Perez,ana.perez783@empresa.com,2022-04-24,4,101,5538.93
10784,Valentina,Garcia,valentina.garcia784@empresa.com,2020-12-31,1,105,3743.98
10785,Laura,Garcia,laura.garcia785@empresa.com,2025-12-02,4,104,4485.12
10786,Luis,Garcia,luis.garcia786@empresa.com,2022-08-23,3,105,4358.61
10787,Oscar,Gomez,oscar.gomez787@empresa.com,2024-12-08,4,105,2269.51
10788,Luis,Gomez,luis.gomez788@empresa.com,2021-12-16,5,106,8326.16
10789,Oscar,Lopez,oscar.lopez789@empresa.com,2023-12-08,5,105,2709.31
10790,Ana,Vargas,ana.vargas790@empresa.com,2018-08-08,4,106,7892.29
10791,Valentina,Martinez,valentina.martinez791@empresa.com,2018-02-22,1,101,7090.68
10792,Sofia,Garcia,sofia.garcia792@empresa.com,2022-10-24,1,101,6859.6
10793,Luis,Rodriguez,luis.rodriguez793@empresa.com,2022-01-14,1,105,4315.91
10794,Luis,Ramirez,luis.ramirez794@empresa.com,2022-07-25,4,101,4058.44
10795,Andres,Rodriguez,andres.rodriguez795@empresa.com,2021-06-14,1,104,3900.94
10796,Oscar,Sanchez,oscar.sanchez796@empresa.com,2025-09-06,3,106,7419.36
10797,Javier,Rodriguez,javier.rodriguez797@empresa.com,2025-08-17,5,106,6549.81
10798,Valentina,Sanchez,valentina.sanchez798@empresa.com,2019-12-21,3,105,5453.92
10799,Oscar,Torres,oscar.torres799@empresa.com,2019-02-10,1,101,5235.21
10800,Andres,Ramirez,andres.ramirez800@empresa.com,2025-04-09,3,102,7761.21
10801,Carlos,Rodriguez,carlos.rodriguez801@empresa.com,2024-10-05,1,106,6063.99
10802,Oscar,Torres,oscar.torres802@empresa.com,2025-07-22,4,105,3331.12
10803,Sofia,Perez,sofia.perez803@empresa.com,2024-04-13,3,105,4229.62
10804,Valentina,Martinez,valentina.martinez804@empresa.com,2018-03-13,4,104,4767.54
10805,Andres,Torres,andres.torres805@empresa.com,2023-01-28,4,103,3825.14
10806,Carlos,Martinez,carlos.martinez806@empresa.com,2024-02-11,2,103,4115.44
10807,Maria,Rodriguez,maria.rodriguez807@empresa.com,2023-08-16,1,106,8543.66
10808,Andres,Vargas,andres.vargas808@empresa.com,2021-05-14,5,104,5040.2
10809,Maria,Torres,maria.torres809@empresa.com,2022-04-17,1,104,3047.36
10810,Valentina,Ramirez,valentina.ramirez810@empresa.com,2019-01-22,5,104,4839.79
10811,Luis,Rodriguez,luis.rodriguez811@empresa.com,2022-11-27,1,106,5833.6
10812,Andres,Garcia,andres.garcia812@empresa.com,2019-11-30,4,103,2765.86
10813,Ana,Gomez,ana.gomez813@empresa.com,2021-04-15,3,104,4596.22
10814,Maria,Torres,maria.torres814@empresa.com,2020-04-06,3,101,5278.97
10815,Sofia,Ramirez,sofia.ramirez815@empresa.com,2022-12-28,2,105,2228.47
10816,Ana,Perez,ana.perez816@empresa.com,2018-12-15,5,105,2550.52
10817,Laura,Garcia,laura.garcia817@empresa.com,2021-07-02,5,102,6005.58
10818,Laura,Perez,laura.perez818@empresa.com,2018-11-04,5,102,11419.34
10819,Carlos,Rodriguez,carlos.rodriguez819@empresa.com,2021-02-24,4,106,5098.47
10820,Luis,Gomez,luis.gomez820@empresa.com,2023-05-15,5,106,5837.82
10821,Valentina,Torres,valentina.torres821@empresa.com,2024-05-23,3,105,3665.05
10822,Andres,Torres,andres.torres822@empresa.com,2020-02-05,4,101,5426.29
10823,Javier,Vargas,javier.vargas823@empresa.com,2019-12-26,1,103,4323.45
10824,Sofia,Vargas,sofia.vargas824@empresa.com,2025-09-10,5,103,2580.58
10825,Maria,Rodriguez,maria.rodriguez825@empresa.com,2022-06-08,5,106,7048.86
10826,Valentina,Rodriguez,valentina.rodriguez826@empresa.com,2019-01-18,1,101,6721.92
10827,Ana,Gomez,ana.gomez827@empresa.com,2024-09-01,5,106,8726.79
10828,Laura,Vargas,laura.vargas828@empresa.com,2019-06-09,1,103,3740.74
10829,Sofia,Ramirez,sofia.ramirez829@empresa.com,2025-05-10,4,106,8215.02
10830,Javier,Ramirez,javier.ramirez830@empresa.com,2018-10-03,3,104,3209.31
10831,Andres,Gomez,andres.gomez831@empresa.com,2024-12-22,1,106,6543.76
10832,Carlos,Ramirez,carlos.ramirez832@empresa.com,2025-07-27,2,105,3495.79
10833,Javier,Sanchez,javier.sanchez833@empresa.com,2018-12-03,1,106,8545.15
10834,Sofia,Martinez,sofia.martinez834@empresa.com,2023-05-28,5,105,2605.48
10835,Javier,Gomez,javier.gomez835@empresa.com,2019-04-26,4,101,4607.54
10836,Sofia,Gomez,sofia.gomez836@empresa.com,2020-06-29,4,103,3157.12
10837,Sofia,Lopez,sofia.lopez837@empresa.com,2023-06-20,1,102,6326.8
10838,Oscar,Garcia,oscar.garcia838@empresa.com,2021-09-13,3,102,7094.75
10839,Maria,Garcia,maria.garcia839@empresa.com,2023-07-27,2,103,4430.42
10840,Laura,Sanchez,laura.sanchez840@empresa.com,2022-10-21,4,102,8569.1
10841,Oscar,Vargas,oscar.vargas841@empresa.com,2018-04-19,5,106,7528.08
10842,Andres,Rodriguez,andres.rodriguez842@empresa.com,2018-11-24,5,101,6904.45
10843,Oscar,Rodriguez,oscar.rodriguez843@empresa.com,2022-12-05,3,101,5467.85
10844,Luis,Perez,luis.perez844@empresa.com,2018-11-11,4,103,2794.45
10845,Luis,Sanchez,luis.sanchez845@empresa.com,2021-02-08,1,102,7239.49
10846,Laura,Gomez,laura.gomez846@empresa.com,2025-07-09,5,106,6253.07
10847,Javier,Sanchez,javier.sanchez847@empresa.com,2020-02-20,3,101,6544.27
10848,Maria,Sanchez,maria.sanchez848@empresa.com,2022-03-01,4,101,5593.12
10849,Laura,Sanchez,laura.sanchez849@empresa.com,2018-06-05,4,104,3017.04
10850,Sofia,Garcia,sofia.garcia850@empresa.com,2022-02-05,4,104,4308.52
10851,Ana,Sanchez,ana.sanchez851@empresa.com,2022-09-21,4,101,7686.05
10852,Maria,Martinez,maria.martinez852@empresa.com,2020-06-05,4,103,4124.16
10853,Maria,Rodriguez,maria.rodriguez853@empresa.com,2025-09-06,5,105,5300.85
10854,Sofia,Perez,sofia.perez854@empresa.com,2019-12-23,3,105,5180.23
10855,Sofia,Martinez,sofia.martinez855@empresa.com,2020-07-01,4,106,6294.92
10856,Carlos,Perez,carlos.perez856@empresa.com,2020-05-20,2,101,7060.78
10857,Laura,Lopez,laura.lopez857@empresa.com,2018-01-13,2,101,4572.65
10858,Sofia,Perez,sofia.perez858@empresa.com,2025-04-09,3,101,6630.86
10859,Luis,Rodriguez,luis.rodriguez859@empresa.com,2019-05-13,1,103,3783.14
10860,Andres,Rodriguez,andres.rodriguez860@empresa.com,2022-10-23,1,104,3063.92
10861,Ana,Sanchez,ana.sanchez861@empresa.com,2024-04-04,1,101,7151.88
10862,Laura,Torres,laura.torres862@empresa.com,2021-01-22,2,101,7612.99
10863,Valentina,Lopez,valentina.lopez863@empresa.com,2025-09-29,1,102,7604.49
10864,Luis,Gomez,luis.gomez864@empresa.com,2021-04-09,5,103,4124.78
10865,Javier,Ramirez,javier.ramirez865@empresa.com,2023-06-28,4,106,5329.62
10866,Sofia,Perez,sofia.perez866@empresa.com,2025-04-07,2,101,6399.87
10867,Valentina,Torres,valentina.torres867@empresa.com,2025-06-01,3,102,8913.88
10868,Sofia,Sanchez,sofia.sanchez868@empresa.com,2022-07-06,3,105,4183.69
10869,Maria,Garcia,maria.garcia869@empresa.com,2022-05-10,4,106,8704.82
10870,Luis,Gomez,luis.gomez870@empresa.com,2025-12-06,2,101,7485.26
10871,Maria,Vargas,maria.vargas871@empresa.com,2022-01-30,1,101,7140.33
10872,Carlos,Torres,carlos.torres872@empresa.com,2025-04-29,1,102,7642.19
10873,Maria,Garcia,maria.garcia873@empresa.com,2018-05-23,5,103,4323.64
10874,Carlos,Lopez,carlos.lopez874@empresa.com,2021-05-09,5,101,4390.03
10875,Carlos,Sanchez,carlos.sanchez875@empresa.com,2025-07-24,1,105,5413.32
10876,Valentina,Gomez,valentina.gomez876@empresa.com,2024-12-01,3,101,5312.64
10877,Sofia,Gomez,sofia.gomez877@empresa.com,2019-07-19,3,105,2215.09
10878,Javier,Gomez,javier.gomez878@empresa.com,2024-11-23,5,106,7677.43
10879,Maria,Lopez,maria.lopez879@empresa.com,2024-08-28,4,106,5925.12
10880,Luis,Perez,luis.perez880@empresa.com,2022-09-12,1,104,3608.93
10881,Carlos,Vargas,carlos.vargas881@empresa.com,2019-02-21,5,104,3765.12
10882,Sofia,Lopez,sofia.lopez882@empresa.com,2023-01-23,5,105,2254.74
10883,Ana,Ramirez,ana.ramirez883@empresa.com,2024-06-13,1,103,2854.25
10884,Laura,Vargas,laura.vargas884@empresa.com,2025-05-20,1,101,4020.56
10885,Valentina,Rodriguez,valentina.rodriguez885@empresa.com,2022-09-14,3,101,5781.64
10886,Javier,Sanchez,javier.sanchez886@empresa.com,2021-10-22,4,104,3210.64
10887,Oscar,Lopez,oscar.lopez887@empresa.com,2020-12-03,4,105,4730.61
10888,Valentina,Garcia,valentina.garcia888@empresa.com,2025-08-18,1,101,4942.49
10889,Ana,Vargas,ana.vargas889@empresa.com,2023-02-10,2,101,7774.3
10890,Laura,Ramirez,laura.ramirez890@empresa.com,2021-01-26,5,103,4242.5
10891,Ana,Rodriguez,ana.rodriguez891@empresa.com,2021-07-12,5,102,7736.65
10892,Maria,Perez,maria.perez892@empresa.com,2022-12-12,1,104,4958.04
10893,Carlos,Garcia,carlos.garcia893@empresa.com,2023-12-28,2,104,5008.11
10894,Javier,Vargas,javier.vargas894@empresa.com,2022-02-13,3,102,11919.38
10895,Andres,Sanchez,andres.sanchez895@empresa.com,2020-10-13,1,101,6391.36
10896,Carlos,Garcia,carlos.garcia896@empresa.com,2020-08-10,1,103,2663.93
10897,Andres,Rodriguez,andres.rodriguez897@empresa.com,2018-03-13,5,103,3793.67
10898,Laura,Garcia,laura.garcia898@empresa.com,2022-08-18,1,104,4562.45
10899,Sofia,Martinez,sofia.martinez899@empresa.com,2021-07-15,1,103,3776.7
10900,Oscar,Torres,oscar.torres900@empresa.com,2021-09-06,1,106,6228.58
10901,Luis,Perez,luis.perez901@empresa.com,2023-11-25,5,102,11158.08
10902,Carlos,Rodriguez,carlos.rodriguez902@empresa.com,2020-06-01,3,101,7837.89
10903,Javier,Garcia,javier.garcia903@empresa.com,2018-05-19,3,106,5870.85
10904,Ana,Torres,ana.torres904@empresa.com,2025-04-16,1,102,6528.91
10905,Javier,Torres,javier.torres905@empresa.com,2025-12-20,5,105,2778.14
10906,Laura,Garcia,laura.garcia906@empresa.com,2024-05-09,3,104,5051.38
10907,Andres,Sanchez,andres.sanchez907@empresa.com,2022-02-13,3,103,3853.29
10908,Ana,Martinez,ana.martinez908@empresa.com,2024-09-29,3,105,4544.19
10909,Luis,Lopez,luis.lopez909@empresa.com,2024-12-28,5,103,3303.59
10910,Luis,Martinez,luis.martinez910@empresa.com,2020-01-03,5,106,7311.31
10911,Carlos,Garcia,carlos.garcia911@empresa.com,2022-10-15,1,101,5231.5
10912,Laura,Perez,laura.perez912@empresa.com,2019-02-28,4,101,5908.8
10913,Sofia,Lopez,sofia.lopez913@empresa.com,2022-05-11,3,101,7172.25
10914,Laura,Rodriguez,laura.rodriguez914@empresa.com,2019-01-25,4,103,4462.48
10915,Andres,Martinez,andres.martinez915@empresa.com,2018-12-08,5,105,5729.96
10916,Javier,Garcia,javier.garcia916@empresa.com,2020-08-03,5,101,7735.46
10917,Luis,Martinez,luis.martinez917@empresa.com,2019-09-06,5,105,3608.89
10918,Javier,Lopez,javier.lopez918@empresa.com,2019-05-08,4,103,3437.58
10919,Javier,Ramirez,javier.ramirez919@empresa.com,2018-07-11,5,106,7822.54
10920,Javier,Vargas,javier.vargas920@empresa.com,2019-05-14,1,105,5688.77
10921,Luis,Martinez,luis.martinez921@empresa.com,2020-04-01,5,106,5567.98
10922,Valentina,Rodriguez,valentina.rodriguez922@empresa.com,2022-10-02,2,103,3108.48
10923,Maria,Rodriguez,maria.rodriguez923@empresa.com,2021-06-10,4,103,2778.49
10924,Andres,Gomez,andres.gomez924@empresa.com,2023-05-23,2,104,4530.02
10925,Valentina,Martinez,valentina.martinez925@empresa.com,2018-08-15,5,103,3112.6
10926,Andres,Vargas,andres.vargas926@empresa.com,2021-10-26,1,103,3152.22
10927,Ana,Sanchez,ana.sanchez927@empresa.com,2023-12-27,3,102,6425.5
10928,Laura,Torres,laura.torres928@empresa.com,2025-12-13,5,101,5399.18
10929,Laura,Vargas,laura.vargas929@empresa.com,2020-03-27,1,104,5156.24
10930,Oscar,Torres,oscar.torres930@empresa.com,2022-01-13,4,104,3582.68
10931,Laura,Torres,laura.torres931@empresa.com,2020-12-22,2,104,4737.97
10932,Luis,Ramirez,luis.ramirez932@empresa.com,2018-04-14,2,102,9777.77
10933,Sofia,Gomez,sofia.gomez933@empresa.com,2023-02-18,2,106,8453.94
10934,Carlos,Vargas,carlos.vargas934@empresa.com,2020-05-20,4,103,2764.58
10935,Oscar,Vargas,oscar.vargas935@empresa.com,2019-10-30,1,101,7910.36
10936,Carlos,Ramirez,carlos.ramirez936@empresa.com,2023-08-05,4,105,4330.51
10937,Andres,Martinez,andres.martinez937@empresa.com,2018-09-30,2,106,8981.9
10938,Carlos,Martinez,carlos.martinez938@empresa.com,2020-10-26,5,103,4323.03
10939,Carlos,Martinez,carlos.martinez939@empresa.com,2024-02-10,3,102,7329.1
10940,Oscar,Perez,oscar.perez940@empresa.com,2020-11-17,4,103,2612.32
10941,Ana,Torres,ana.torres941@empresa.com,2022-04-23,4,103,3011.28
10942,Javier,Perez,javier.perez942@empresa.com,2018-10-20,1,102,9165.38
10943,Laura,Gomez,laura.gomez943@empresa.com,2024-02-03,1,104,3428.99
10944,Laura,Ramirez,laura.ramirez944@empresa.com,2023-10-07,4,104,3418.65
10945,Luis,Vargas,luis.vargas945@empresa.com,2021-07-16,2,101,5850.37
10946,Oscar,Torres,oscar.torres946@empresa.com,2018-11-04,3,101,4133.07
10947,Luis,Perez,luis.perez947@empresa.com,2020-09-03,1,104,3304.72
10948,Sofia,Perez,sofia.perez948@empresa.com,2021-06-05,2,106,6663.45
10949,Sofia,Garcia,sofia.garcia949@empresa.com,2021-06-24,5,105,2252.52
10950,Luis,Perez,luis.perez950@empresa.com,2025-07-10,1,103,3293.51
10951,Oscar,Sanchez,oscar.sanchez951@empresa.com,2022-02-26,2,105,3896.03
10952,Luis,Vargas,luis.vargas952@empresa.com,2023-11-01,2,103,3402.53
10953,Laura,Sanchez,laura.sanchez953@empresa.com,2021-04-24,3,104,5172.94
10954,Valentina,Vargas,valentina.vargas954@empresa.com,2024-04-18,3,101,6120.25
10955,Maria,Ramirez,maria.ramirez955@empresa.com,2021-10-10,5,106,6871.92
10956,Carlos,Vargas,carlos.vargas956@empresa.com,2022-11-09,2,101,5642.84
10957,Maria,Sanchez,maria.sanchez957@empresa.com,2022-09-16,2,105,5270.49
10958,Oscar,Vargas,oscar.vargas958@empresa.com,2023-08-05,3,101,7580.23
10959,Maria,Ramirez,maria.ramirez959@empresa.com,2020-03-06,1,104,5133.11
10960,Sofia,Ramirez,sofia.ramirez960@empresa.com,2020-06-15,1,106,7694.19
10961,Andres,Gomez,andres.gomez961@empresa.com,2023-05-16,4,105,2549.45
10962,Carlos,Vargas,carlos.vargas962@empresa.com,2018-07-29,3,106,6107.48
10963,Javier,Garcia,javier.garcia963@empresa.com,2025-11-03,4,103,2592.13
10964,Oscar,Martinez,oscar.martinez964@empresa.com,2025-04-10,3,101,7723.3
10965,Carlos,Rodriguez,carlos.rodriguez965@empresa.com,2024-10-30,5,106,7643.19
10966,Maria,Ramirez,maria.ramirez966@empresa.com,2024-11-12,2,102,10478.18
10967,Sofia,Lopez,sofia.lopez967@empresa.com,2020-08-25,5,101,5246.29
10968,Ana,Martinez,ana.martinez968@empresa.com,2019-04-17,3,103,4191.31
10969,Valentina,Torres,valentina.torres969@empresa.com,2024-08-14,2,106,6038.41
10970,Javier,Vargas,javier.vargas970@empresa.com,2020-07-11,1,105,2006.58
10971,Valentina,Sanchez,valentina.sanchez971@empresa.com,2018-05-17,1,103,3252.83
10972,Carlos,Rodriguez,carlos.rodriguez972@empresa.com,2019-01-02,4,102,9424.57
10973,Sofia,Lopez,sofia.lopez973@empresa.com,2018-07-03,3,106,6914.82
10974,Sofia,Martinez,sofia.martinez974@empresa.com,2024-11-24,3,104,5155.19
10975,Maria,Vargas,maria.vargas975@empresa.com,2021-10-30,1,101,4421.62
10976,Laura,Gomez,laura.gomez976@empresa.com,2025-05-25,5,105,4215.29
10977,Maria,Torres,maria.torres977@empresa.com,2025-08-28,2,104,4282.45
10978,Laura,Rodriguez,laura.rodriguez978@empresa.com,2019-06-21,5,106,6125.57
10979,Laura,Garcia,laura.garcia979@empresa.com,2025-10-20,5,106,8288.91
10980,Javier,Gomez,javier.gomez980@empresa.com,2022-05-22,1,103,4005.7
10981,Maria,Lopez,maria.lopez981@empresa.com,2021-06-27,1,106,7931.44
10982,Ana,Rodriguez,ana.rodriguez982@empresa.com,2025-01-01,1,105,5504.77
10983,Luis,Gomez,luis.gomez983@empresa.com,2025-05-01,4,104,4806.96
10984,Luis,Torres,luis.torres984@empresa.com,2021-01-01,5,105,2927.37
10985,Maria,Garcia,maria.garcia985@empresa.com,2021-07-29,3,102,10233.38
10986,Maria,Gomez,maria.gomez986@empresa.com,2020-07-04,2,102,7846.22
10987,Valentina,Perez,valentina.perez987@empresa.com,2018-06-01,4,101,4968.7
10988,Javier,Garcia,javier.garcia988@empresa.com,2020-10-25,3,101,4292.01
10989,Maria,Lopez,maria.lopez989@empresa.com,2021-05-03,5,102,10464.17
10990,Valentina,Torres,valentina.torres990@empresa.com,2023-06-01,1,106,7844.0
10991,Laura,Vargas,laura.vargas991@empresa.com,2024-11-16,5,105,2938.0
10992,Sofia,Sanchez,sofia.sanchez992@empresa.com,2018-09-28,2,102,10496.27
10993,Sofia,Sanchez,sofia.sanchez993@empresa.com,2021-04-01,4,101,7671.36
10994,Laura,Sanchez,laura.sanchez994@empresa.com,2019-04-05,4,102,6648.17
10995,Oscar,Rodriguez,oscar.rodriguez995@empresa.com,2018-04-15,2,106,5930.55
10996,Valentina,Lopez,valentina.lopez996@empresa.com,2022-09-07,3,102,10501.56
10997,Valentina,Torres,valentina.torres997@empresa.com,2024-01-19,3,105,3098.03
10998,Laura,Garcia,laura.garcia998@empresa.com,2024-07-26,4,104,4561.66
10999,Ana,Rodriguez,ana.rodriguez999@empresa.com,2019-03-10,4,106,5324.66
11000,Andres,Lopez,andres.lopez1000@empresa.com,2025-12-09,1,101,5808.81
